用户,ID,链接,评论
。。。陌陌,668456002,https://img.meituan.net/avatar/51ac392a85212fc1faaf95e9069f192237228.jpg,"【口味】一只很喜欢重八的味道，蘸料组合超赞，一次两碗麻酱，哈哈哈，只要是麻酱太好吃了
【服务】小哥哥小姐姐服务态度特别好，有什么要求尽管提
每次都是麻辣鸳鸯锅底，手工牛肉丸，毛肚，手擀面每次必点，都很超赞，喜欢辣的不喜欢辣的都可以去尝试一下 ，一切应有尽有 
照片儿是最近几次凑的 每次都拍一张两张照片儿"
sunao2020,2432995066,https://img.meituan.net/avatar/e0433f87f247b2129423bc7038b973a1358912.jpg,"世界之大，美食如此之多，怎么能不去细细品味呢？在中国，能吃到的美食就有非常多，而且现在的天气转凉了，吃什么最合适呢？那肯定就是火锅了。说到火锅，每个地方的火锅都是不一样，都要自己的特点。重八牛府这个火锅真心不错
【性价比】非常好"
sunao2020,2432995066,https://img.meituan.net/avatar/e0433f87f247b2129423bc7038b973a1358912.jpg,菜品非常好，特别是手打牛丸，特别香，然后我们点了一份肉，和圆生菜性价比特别高，两个人消费还不到200元所以，我觉得店里人特别热情，在北京给我留下了非常好的印象，菜品非常不错，给的也很多，希望店里继续保持一样的工作热情！
匿名用户,0,https://www.dpfile.com/ugc/user/anonymous.png,味道很好，服务态度上乘，菜品特色，牛丸特色极其美味，在外吃不到。来花乡奥莱消费、逛街，重八牛府美味必不可缺少的，8种调料，适合各种口味，菜品干净卫生，肉类新鲜，强烈推荐大家一起来品尝重八牛府花乡奥莱店美味！
吴大存,102606280,,"??更多提示

1??6-9单元的课文朗读明显不如1-5单元的课文熟练，因为句长词多，而且有句型结构了，大家这部分课文再练一练。
2??下次课会有字母和1-5单元的单词通测，大家抓紧时间准备。
3??自2020年9月5日到2021年3月6日，咱们的课时费已经消耗完毕，请各位家长方便时续费1300元一期20回课，不顺延不退费，资料费用另算。目前没有调置新书，请大家方便时微信或支付宝转账付费1300元就好了。
注：
这一期费用的首次课是3月13日。"
AyI718290870,2498266893,,"服务：服务人员都超级温柔，长头发的姐姐还会贴心给皮筋
味道：牛肉丸真的超级香，鲜美多汁，非常有嚼劲
汤底就送10个牛丸，我就没吃过这么实惠的火锅
我是一来奥特莱斯就直奔重八牛府，就是人有点多，大家记得提前排队"
匿名用户,0,https://www.dpfile.com/ugc/user/anonymous.png,很满意的一次就餐体验，整体评价的话我觉得：口味、环境、服务。
woshi昊,62259216,https://img.meituan.net/avatar/e5b9bf526f6845812729a887c62ec95810125.jpg,两个人下来花了两百出头，整体还是挺便宜的，48的锅底里有十个丸子，算下来锅底几乎就8块算是很便宜了，菜也不贵，半份大部分都6块或者8块，推荐牛肉，很嫩，羊肉煮完比较碎不是很好夹，新用户加群还可以送酸梅汤，酸梅汤瓶很好看
WHT368620945,445184107,,已经是第二次去了，味道不错，服务态度特别好，就是上菜慢，急人，点的杨梅汁吃一半了才上，后来小哥和我们解释他们一点半左右吃完饭，前面的时间人手不够还多赠了几个肉丸子，顿时消气了，牛肉丸好吃，这里有金牌小料师给我们详细介绍每种调料，这次发现甜辣酱味道惊艳，下次去会多要一碗，对了，还给了优惠幌麓斡谩
woshi昊,62259216,https://img.meituan.net/avatar/e5b9bf526f6845812729a887c62ec95810125.jpg,味道还不错，服务态度也很好，就是最好提前2小时在店的公众号上排队，不然要等太久了。点的牛肉很好吃，煮熟后吃起来很嫩，口感很好，牛肉丸也不错，有两种，一种含汁多一点，一种更Q弹一点，锅底本身就有10个丸子，两个人基本够吃了
胖胖的快乐时光,46293474,https://img.meituan.net/avatar/065a746c6b853e6b168fbbfbf11109538122.jpg,已经多次来用餐，服务很好，蘸料太到位了，毛肚好吃，有点小贵，滑牛肉，羔羊肉必点。送的牛肉丸特别好吃，帅哥服务很好。必须早点去，人多排队。
匿名用户,0,https://www.dpfile.com/ugc/user/anonymous.png,服务很好，菜品有新鲜，牛丸都是现打的，味道也不错，不惊艳，但也没踩雷，虾滑也不错，满口的大虾，绝对不是淀粉凑数的那种
rVS976026845,113974796,,整体感觉还不错，就是第二次去吃，丸子、汤感觉比第一次去吃的时候要咸
饿了怎么办,15789420,,此次用餐总体来说不错，觉得比较认可的地方有：口味、团购接待、环境、性价比、服务。
zQU787176818,61779012,,种草好久终于吃到了，好多种小料，丸子是好吃的，特别是蓝瘦香菇丸子，鸭血是鲜鸭血，环境也很好玩的，座位是下沉的，还送了果汁饮料，算是火锅里比较有趣的店了吧，外面等位的环境也挺好，木头桌椅还有很多店可以逛。
ZkP373898063,278586959,https://img.meituan.net/avatar/b9e99be9816aa021b1b7c9e4ff9f132b129945.jpg,等了很长时间，吃的比较晚，第一次下单的啤酒冰激凌没有给上，第二次下单的三道菜只上了一道，就催促结账，在我们要求查单后第二次的菜全部上齐，因为太晚了，我们赶忙结了帐就走了，都忘了啤酒冰激凌一直没给上，到家才想起来。我感觉这不是客人的责任，是商家的服务太差，让我们受到损失。我已经向商家平台投诉了，也没有回复。
。折原临也。,644905550,https://img.meituan.net/avatar/1174e1c95a93b5d3b33c045f4d2b76ae17253.jpg,特别喜欢这家店，服务好，环境好，菜和肉也新鲜，超喜欢！！！！！！！！！！！！！！！！！！！！！！！
iIV389609896,139441027,https://img.meituan.net/avatar/fcc43cefae5b6d2dd3b329b7dbc31454400074.jpg,还不错哦～
wanyanyuyu,59800412,,牛肉丸推荐，环境不错，价格稍贵。
zDR935669755,80224191,https://img.meituan.net/avatar/ba417c8fc7199e0fe02aec01b817076a4048.jpg,好好吃啊，特别特别特帮，满分哦哟
等待.承诺.现,575050285,https://img.meituan.net/avatar/965ec3514eb79b9b7416b96664591e582195.jpg,去过两次了，味道很好，服务也相当棒，喜欢他家的调料，每个口味儿的都好吃！
匿名用户,0,https://www.dpfile.com/ugc/user/anonymous.png,都很不错！值得再去
bVy948627900,633038902,https://img.meituan.net/avatar/ca2df77b0e72c55f3dc7f53721fe25bd19004.jpg,这次就餐整体感觉很赞，比较满意的方面有：环境。
ezO613551446,236164366,,很好吃味道也不错
人生如梦95658,682734404,https://img.meituan.net/avatar/aa7dd207f2217192fb02d5d0ad4d213633478.jpg,吃了好多次了，还不错，价格实惠
qRe452401183,1680625155,,服务特别好，量也很足，本来我们还想点丸子的，但是服务员很贴心地提醒了会赠送10个丸子。酸梅汤超好喝，还可以无限续。
铅笔小ling,365815670,,这是一家一直在光顾的店！也是一家一直会推荐的店！它家的牛肉丸火锅，真真儿没的说，太赞了！今天也得到了闺蜜的认可！鲜牛肉也是非常棒，最好用漏勺那样涮，不会老，特别嫩滑！最惊喜的是炸牛蛙，酥脆可口，和平时吃的牛蛙虽然口感不同，但也是另一番滋味！
jnE537100998,301802375,,服务周到，美味可口，不错?。
匿名用户,0,https://www.dpfile.com/ugc/user/anonymous.png,和朋友一起去吃的总体来说还不错吧
Jsn420900713,135210310,https://img.meituan.net/avatar/0c6afa62766c5223d79fe9572cf13c3045714.jpg,每次去都要排队的一家火锅店，百吃不厌，服务令人满意，上菜速度快。每次还送手打牛肉丸子
用户,ID,链接,评论
。。。陌陌,668456002,https://img.meituan.net/avatar/51ac392a85212fc1faaf95e9069f192237228.jpg,"【口味】一只很喜欢重八的味道，蘸料组合超赞，一次两碗麻酱，哈哈哈，只要是麻酱太好吃了
【服务】小哥哥小姐姐服务态度特别好，有什么要求尽管提
每次都是麻辣鸳鸯锅底，手工牛肉丸，毛肚，手擀面每次必点，都很超赞，喜欢辣的不喜欢辣的都可以去尝试一下 ，一切应有尽有 
照片儿是最近几次凑的 每次都拍一张两张照片儿"
sunao2020,2432995066,https://img.meituan.net/avatar/e0433f87f247b2129423bc7038b973a1358912.jpg,"世界之大，美食如此之多，怎么能不去细细品味呢？在中国，能吃到的美食就有非常多，而且现在的天气转凉了，吃什么最合适呢？那肯定就是火锅了。说到火锅，每个地方的火锅都是不一样，都要自己的特点。重八牛府这个火锅真心不错
【性价比】非常好"
sunao2020,2432995066,https://img.meituan.net/avatar/e0433f87f247b2129423bc7038b973a1358912.jpg,菜品非常好，特别是手打牛丸，特别香，然后我们点了一份肉，和圆生菜性价比特别高，两个人消费还不到200元所以，我觉得店里人特别热情，在北京给我留下了非常好的印象，菜品非常不错，给的也很多，希望店里继续保持一样的工作热情！
匿名用户,0,https://www.dpfile.com/ugc/user/anonymous.png,味道很好，服务态度上乘，菜品特色，牛丸特色极其美味，在外吃不到。来花乡奥莱消费、逛街，重八牛府美味必不可缺少的，8种调料，适合各种口味，菜品干净卫生，肉类新鲜，强烈推荐大家一起来品尝重八牛府花乡奥莱店美味！
吴大存,102606280,,"??更多提示

1??6-9单元的课文朗读明显不如1-5单元的课文熟练，因为句长词多，而且有句型结构了，大家这部分课文再练一练。
2??下次课会有字母和1-5单元的单词通测，大家抓紧时间准备。
3??自2020年9月5日到2021年3月6日，咱们的课时费已经消耗完毕，请各位家长方便时续费1300元一期20回课，不顺延不退费，资料费用另算。目前没有调置新书，请大家方便时微信或支付宝转账付费1300元就好了。
注：
这一期费用的首次课是3月13日。"
AyI718290870,2498266893,,"服务：服务人员都超级温柔，长头发的姐姐还会贴心给皮筋
味道：牛肉丸真的超级香，鲜美多汁，非常有嚼劲
汤底就送10个牛丸，我就没吃过这么实惠的火锅
我是一来奥特莱斯就直奔重八牛府，就是人有点多，大家记得提前排队"
匿名用户,0,https://www.dpfile.com/ugc/user/anonymous.png,很满意的一次就餐体验，整体评价的话我觉得：口味、环境、服务。
woshi昊,62259216,https://img.meituan.net/avatar/e5b9bf526f6845812729a887c62ec95810125.jpg,两个人下来花了两百出头，整体还是挺便宜的，48的锅底里有十个丸子，算下来锅底几乎就8块算是很便宜了，菜也不贵，半份大部分都6块或者8块，推荐牛肉，很嫩，羊肉煮完比较碎不是很好夹，新用户加群还可以送酸梅汤，酸梅汤瓶很好看
WHT368620945,445184107,,已经是第二次去了，味道不错，服务态度特别好，就是上菜慢，急人，点的杨梅汁吃一半了才上，后来小哥和我们解释他们一点半左右吃完饭，前面的时间人手不够还多赠了几个肉丸子，顿时消气了，牛肉丸好吃，这里有金牌小料师给我们详细介绍每种调料，这次发现甜辣酱味道惊艳，下次去会多要一碗，对了，还给了优惠幌麓斡谩
woshi昊,62259216,https://img.meituan.net/avatar/e5b9bf526f6845812729a887c62ec95810125.jpg,味道还不错，服务态度也很好，就是最好提前2小时在店的公众号上排队，不然要等太久了。点的牛肉很好吃，煮熟后吃起来很嫩，口感很好，牛肉丸也不错，有两种，一种含汁多一点，一种更Q弹一点，锅底本身就有10个丸子，两个人基本够吃了
胖胖的快乐时光,46293474,https://img.meituan.net/avatar/065a746c6b853e6b168fbbfbf11109538122.jpg,已经多次来用餐，服务很好，蘸料太到位了，毛肚好吃，有点小贵，滑牛肉，羔羊肉必点。送的牛肉丸特别好吃，帅哥服务很好。必须早点去，人多排队。
匿名用户,0,https://www.dpfile.com/ugc/user/anonymous.png,服务很好，菜品有新鲜，牛丸都是现打的，味道也不错，不惊艳，但也没踩雷，虾滑也不错，满口的大虾，绝对不是淀粉凑数的那种
rVS976026845,113974796,,整体感觉还不错，就是第二次去吃，丸子、汤感觉比第一次去吃的时候要咸
饿了怎么办,15789420,,此次用餐总体来说不错，觉得比较认可的地方有：口味、团购接待、环境、性价比、服务。
zQU787176818,61779012,,种草好久终于吃到了，好多种小料，丸子是好吃的，特别是蓝瘦香菇丸子，鸭血是鲜鸭血，环境也很好玩的，座位是下沉的，还送了果汁饮料，算是火锅里比较有趣的店了吧，外面等位的环境也挺好，木头桌椅还有很多店可以逛。
ZkP373898063,278586959,https://img.meituan.net/avatar/b9e99be9816aa021b1b7c9e4ff9f132b129945.jpg,等了很长时间，吃的比较晚，第一次下单的啤酒冰激凌没有给上，第二次下单的三道菜只上了一道，就催促结账，在我们要求查单后第二次的菜全部上齐，因为太晚了，我们赶忙结了帐就走了，都忘了啤酒冰激凌一直没给上，到家才想起来。我感觉这不是客人的责任，是商家的服务太差，让我们受到损失。我已经向商家平台投诉了，也没有回复。
。折原临也。,644905550,https://img.meituan.net/avatar/1174e1c95a93b5d3b33c045f4d2b76ae17253.jpg,特别喜欢这家店，服务好，环境好，菜和肉也新鲜，超喜欢！！！！！！！！！！！！！！！！！！！！！！！
iIV389609896,139441027,https://img.meituan.net/avatar/fcc43cefae5b6d2dd3b329b7dbc31454400074.jpg,还不错哦～
wanyanyuyu,59800412,,牛肉丸推荐，环境不错，价格稍贵。
zDR935669755,80224191,https://img.meituan.net/avatar/ba417c8fc7199e0fe02aec01b817076a4048.jpg,好好吃啊，特别特别特帮，满分哦哟
等待.承诺.现,575050285,https://img.meituan.net/avatar/965ec3514eb79b9b7416b96664591e582195.jpg,去过两次了，味道很好，服务也相当棒，喜欢他家的调料，每个口味儿的都好吃！
匿名用户,0,https://www.dpfile.com/ugc/user/anonymous.png,都很不错！值得再去
bVy948627900,633038902,https://img.meituan.net/avatar/ca2df77b0e72c55f3dc7f53721fe25bd19004.jpg,这次就餐整体感觉很赞，比较满意的方面有：环境。
ezO613551446,236164366,,很好吃味道也不错
人生如梦95658,682734404,https://img.meituan.net/avatar/aa7dd207f2217192fb02d5d0ad4d213633478.jpg,吃了好多次了，还不错，价格实惠
qRe452401183,1680625155,,服务特别好，量也很足，本来我们还想点丸子的，但是服务员很贴心地提醒了会赠送10个丸子。酸梅汤超好喝，还可以无限续。
铅笔小ling,365815670,,这是一家一直在光顾的店！也是一家一直会推荐的店！它家的牛肉丸火锅，真真儿没的说，太赞了！今天也得到了闺蜜的认可！鲜牛肉也是非常棒，最好用漏勺那样涮，不会老，特别嫩滑！最惊喜的是炸牛蛙，酥脆可口，和平时吃的牛蛙虽然口感不同，但也是另一番滋味！
jnE537100998,301802375,,服务周到，美味可口，不错?。
匿名用户,0,https://www.dpfile.com/ugc/user/anonymous.png,和朋友一起去吃的总体来说还不错吧
Jsn420900713,135210310,https://img.meituan.net/avatar/0c6afa62766c5223d79fe9572cf13c3045714.jpg,每次去都要排队的一家火锅店，百吃不厌，服务令人满意，上菜速度快。每次还送手打牛肉丸子
恶人没刀疤,21583597,,来了很多次了，每次都要品尝一下“重八牛府”…
闲人影视,1701193671,https://img.meituan.net/avatar/85679a39406797ba430f8cc10c2ab1cd27357.jpg,很满意的一次就餐体验，整体评价的话我觉得：团购接待、口味。
恶人没刀疤,21583597,,两次来奥特莱斯村，两次都吃的这家，价位、口感都很好，最好的是服务…
猫鱼猫鱼,112526,,环境好，服务好，味道好，下次再来。
ASN631912095,145645831,https://img.meituan.net/avatar/f7647a209457507a3feff069cc75b695262616.jpg,牛肉丸真的很筋斗，Q弹，
bVy948627900,633038902,https://img.meituan.net/avatar/ca2df77b0e72c55f3dc7f53721fe25bd19004.jpg,经常去吃，服务好，经济实惠，蘸料很多很有特色，送的牛肉丸子量很足
大硕呀,285882792,https://img.meituan.net/avatar/150420a85e1588da6a7b7509bc27a780122487.jpg,饭点人挺多，去了奥莱先去排了号，实时接收叫号信息，手打系列太好吃了！推荐！
往如初见,366629932,https://img.meituan.net/avatar/f7c9a1b4223e828de6371e68e752be5395623.jpg,特别好吃  吃到牛肉的第一口我就觉得三四个小时的排队值了  公众号上提前排队就在奥莱里面逛  重点是这家店不光是味道好而且服务也很好很细致  也很贴心 「#重八竹荪虾滑」特别实里面塞的满满的虾滑「#重八招牌手打牛丸（鲜肉现打）」很好吃 「#重八一片毛肚」脆脆的很好吃口感特别好  「#鲜鸭血」能尝出来没加胶什么的「#重八特饮杨梅汁」这个首次加群会送 很好喝  下次再去要尝尝别的
笑腔,628900375,https://img.meituan.net/avatar/460c0dd34fa5eea2e343900059edde5c3049.jpg,人很多，手打牛丸很赞，味道也很好
yRj525455431,322614108,https://img.meituan.net/avatar/e301bbbfc29a16cbf44da3e2c2a5bd3434156.jpg,很好吃，下次还会去吃，我已经带了我妈和我媳妇去吃
匿名用户,0,https://www.dpfile.com/ugc/user/anonymous.png,特别好吃！周边广场建设好，边吃边逛。
亲一口就好啦,291672316,https://img.meituan.net/avatar/214985c580666959bd1a127fc5cf613a18473.jpg,牛肉丸真的不错，劲道弹牙，一份量不大，番茄底汤味道也好
匿名用户,0,https://www.dpfile.com/ugc/user/anonymous.png,这次就餐整体感觉很赞，比较满意的方面有：口味、环境、性价比、服务。
匿名用户,0,https://www.dpfile.com/ugc/user/anonymous.png,总体来说，还行。就是，服务态度。有点。不行。喊半天服务员。没人。最后还得叫小时工阿姨。阿姨。，找半天没找到。还得自己跑。应该是人员太少了。
mSk133497937,772343042,https://img.meituan.net/avatar/61b64ae566ca7a3a61d2bad2104829b535554.jpg,"非常好吃，我跟老公孩子周末首选。干净整洁。 服务态度:一个好的饭店态度非常主要,态度好很好这道菜一上桌就让人非常有食欲，香气浓郁，非常诱人。

口感非常的脆嫩，爽滑。

浓郁的酱汁包裹着食材，咬下去酱汁充满口腔。

而且用料十分新鲜，给的量也很足，性价比超级高。

下次有机会一定会再来。"
IOQ997051666,193626808,,"【口味】非常好，老顾客了经常去，蘸料非常好吃五种口味无限续
【环境】经典的重八牛府复古纯朴中国风
【服务】帅气的小哥哥会给加肉丸，加丸子的样子更帅"
Distance、浩,1660593891,https://img.meituan.net/avatar/9c50978a1020a2d9f8ab9c401c3494d4188267.jpg,重八牛府还不错，还是值得一去的，
hLS520239735,862637784,https://img.meituan.net/avatar/e30ab33b1e4a9ca6a8c8dbde9c516af2331136.jpg,"「#重八特色秘制小料」太好吃了?
今生今世亟待解决[肌肤绝对绝对就放假放假考试考到几点下经济学家下就下经济学家小剧场难吃将错就错即将参加刺激刺激将错就错肌肤将肌肤绝对绝对就放假肌肤绝对绝对绝对绝对就放假大家减肥减肥到积极的绝对绝对绝对就觉得亟待解决的绝对就放假就大男大女烦恼烦恼你烦恼的"
DwP528380660,54449105,,服务很好，菜品新鲜好吃，价格小贵
wisteria666,785520603,,还没进门就能闻到火锅的香味，吃起来也果然不负期待。小料种类齐全还可以免费续，对我这种爱吃料的人简直太友好，而且基本每种口味的小料都好吃，各有各的特色。店家送了丸子，很实惠。两个人点的基本都是半份菜，菜量足够都很好吃，唯一吃不惯的就是网友推荐的麻酱冰激凌。服务态度很好，我第一次来，小哥哥耐心的介绍了火锅的特色，所有服务人员态度热情而不做作。总之是一次非常愉快的体验，个人觉得比某捞好吃。
zbwldm,341739,,怀孕前最爱的火锅店～孕期口味有变化?
匿名用户,0,https://www.dpfile.com/ugc/user/anonymous.png,好吃，就是吃完拉肚子了
星语心媛0516,52354558,https://img.meituan.net/avatar/547df60f7db4cf8fdecc65b69b5ded3e186987.jpg,味道特别好，比海底捞还好吃，价格也实惠，小油条和小酥蛙最好吃，推荐大家吃，其他的菜也不错，有个竹笋虾推荐，很好吃很嫩，调料很多种，可以选择，酸梅汤免费续杯，还有小青菜什么的也都很新鲜，人都很多的，都需要提前排队等候，提前排号，美团结账还有优惠，满100减12元，真的太合适了
匿名用户,0,https://www.dpfile.com/ugc/user/anonymous.png,好吃?
小脸美美的笑s,62221901,https://img.meituan.net/avatar/__50142507__7175393.jpg,这是我今年吃到的最好吃的火锅，没有之一。牛肚是我吃过最好吃的。真的超棒，服务员态度也很好。必须点个赞。我们去的晚，九点多才去，服务员跟我们说，我们太幸运了，今天排队排了六小时！哈哈。只想说，好饭不怕晚啊。
靳泽木木,2984224283,https://img.meituan.net/avatar/e538dff64176d2ef7825e90c3b3d6a1d47862.jpg,感觉味道一般般吧，肉切的也比较薄，不过送了牛肉丸
心言宝宝,297412,,来过无数次了！越来越好！推荐给好多个小伙伴，吃过的都说好！请客还特有面儿！！
hLS520239735,862637784,https://img.meituan.net/avatar/e30ab33b1e4a9ca6a8c8dbde9c516af2331136.jpg,"「#重八招牌手打牛丸（鲜肉现打）」好吃?
那代表大会绝对绝对绝对好的话好烦好烦好烦很久都觉得亟待解决的绝对绝对觉得亟待解决的绝对绝对觉得亟待解决的绝对觉得亟待解决的绝对绝对就觉得亟待解决的绝对亟待解决的绝对绝对就"
uaf694531855,1163729486,,他们家是吃过最好的火锅，没有之一，六种口味的蘸料，作为一个爱吃辣的人，真的太赞了，手工现做的丸子，不同的呗不同的口味，怀念啊
Xmo998730288,374870471,,"【环境】
【服务】
【性价比】都挺好的「#重八独家秘制牛丸鸳鸯锅底」"
爱在身边幸福常在,74918492,,味道不错，值得推荐，价格偏高。
超超126,80340151,,真的是味道很好，这里的牛肉丸很棒，可能是因为过年期间服务员少，感觉服务不如以前了，依旧喜欢龙虾丸
hye181548274,154836291,,此次用餐总体来说不错，觉得比较认可的地方有：环境、服务。
匿名用户,0,https://www.dpfile.com/ugc/user/anonymous.png,"【口味】好
【环境】好
【服务】好"
HIg308668672,372350069,,"服务很好，
【环境】"
匿名用户,0,https://www.dpfile.com/ugc/user/anonymous.png,"「#手打牛肉丸」
【口味】非常好吃，正宗
【环境】很棒干净
【服务】很好
【性价比】很好竹荪虾滑好吃"
gFw839579317,181207886,,好吃的很啊！！！味道确实不错，服务也很好
匿名用户,0,https://www.dpfile.com/ugc/user/anonymous.png,不错味道是我喜欢的味道
柳随风8,136879969,https://img.meituan.net/avatar/df1fbb96485aefdc8404a5947b1985f718920.jpg,服务相当好！特好那种！肉质新鲜！味道其实不错，但是本人一家子偏爱涮羊肉，所以这个偶尔吃（估计一年也就吃两次）！
匿名用户,0,https://www.dpfile.com/ugc/user/anonymous.png,每次聚会必备，经典，每次必等位。菜很好吃
苗陈氏,74949116,,牛肉不够劲道，味道还行，不是牛油郭
hothimmel,140422329,https://img.meituan.net/avatar/14b3b826ab9b63be1263bcc6a7ee9f3417256.jpg,吃了两回，蘸料非常美味和精致。
杨钰菲宝贝,1707213313,https://img.meituan.net/avatar/ad07b7fbd224561b8280d2b960a4fce18987.jpg,味道挺不错 环境不错 服务很热情哦
ZIFEIYU111子非鱼,935383027,,这次就餐整体感觉很赞，比较满意的方面有：环境。
cylsh2007,80284694,https://img.meituan.net/avatar/00150ff714d13c5ce02342acd8bf3ee013114.jpg,"来北京出差，晚上不知道吃什么，上网查了一下，推荐周边这家火锅，抱着试一试的态度去的，结果没想到环境，口味，服务都是一流的，我们两个人吃的都要走不动路了，走的时候外面还在排队，真的很庆幸早来一步，同时也真心推荐这家火锅，全满分。
忘了拍照片了，所以添加点其他照片"
王洁8269457,40489926,https://img.meituan.net/avatar/58b5beb2925c7f16bb7774256fba8aeb19248.jpg,已经是二次来店了，总体感觉就是服务很到位，菜品都很新鲜！看看第一张图的大毛肚，很厚实，服务员会过来把它拆开。然后鲜牛肉也是非常好吃，肉片厚实不是那种粗制滥造的，口感很好。牛肉丸就更不用说了，因为据说特别放了牛油，下锅煮8-10分钟就刚刚好口感很Q弹！鸭血也是鲜鸭血，特别嫩！另外还送了酸梅汤。蘸料服务员都会给调好，然后很多种类，特别好吃！！应该会过来吃第三次???
李先生已经饿好久,271978619,https://img.meituan.net/avatar/54c0e273b8ec5656147a0a1a7f6ff3a059892.jpg,去购物，顺便看到了，记得上午十点排队，不然中午去，吃不上，需要排队四个小时？味道挺好的，量也特别大，服务特别好，只是味道比较足
juaner_214,34887002,,很不错的吃饭地方，牛肉很滑嫩，料也很丰富，祝生意兴隆！！！
匿名用户,0,https://www.dpfile.com/ugc/user/anonymous.png,太棒了，食材非常新鲜。
匿名用户,0,https://www.dpfile.com/ugc/user/anonymous.png,不错！
w翔翔的荷兰猪,225539570,,环境很好，服务态度特好，味道也好一点不比海底捞差
下流演员,37092702,https://img.meituan.net/avatar/__44358381__5363488.jpg,服务口味都挺好。北京特色美食。哈哈
ReC875407966,103196783,,牛肉丸强烈推荐，每天人好多，排队时间过长
ppp宝贝,34110473,https://img.meituan.net/avatar/__58239551__7445039.jpg,"太好吃了,2021年的第一顿火锅，吃的很开心，点的每一个都好吃，冰粉里面的爆爆珠，喜欢，哈哈哈哈"
unX283623163,116646862,,想吃重八好久了，终于来吃了。牛肉丸真的好好吃，还会再来的。鲜牛肉也好嫩，喜欢。
匿名用户,0,https://www.dpfile.com/ugc/user/anonymous.png,调料不如以前了  其他还好人均九十左右
ZIU140338555,972049469,,挺好的，非常好吃，价格也不贵，
铅笔小ling,365815670,,我那个嘴刁的老公说这是他吃过的最有惊喜的火锅！锅底送的牛丸特别劲道，赠送10个，其实两个人吃也有点多，毕竟吃几个会觉得腻，但是味道真的不错！食材新鲜不糊弄，不会因为疫情原因使用挤压的原材料，汤底味道也足，还会再来的
bjaxiong,15878200,,肉丸味道还不错，就是吃饭的点人多，需要提前排队。
luy419211258,1421067945,,服务态度服务质量特别好谢谢您还会继续光顾的
voa829103116,1778040242,,牛肉很嫩，冰粉很好吃。环境不错。上菜稍有些慢但可以一边吃一边等。
一杯热水w,2417717949,https://img.meituan.net/avatar/c0b26e28f524a62eb6bfd3a2fed76f526116.jpg,味道真的棒，想吃火锅了下次应该还会选他家的，服务员态度也很好，随机送手打牛丸，还给我们送了两波，针不戳，店里很火爆
JIx362850133,745923403,https://img.meituan.net/avatar/b275cf8a25d4b96b085187b35e11185a4196.jpg,和友一起去的，挺不错的，牛肉丸特别好吃，我家孩子就只吃牛肉丸了，还有牛肉也好吃，火锅味道也挺好，还有猪?脑，爱吃的人肯定喜欢，不错还还会再去，比呷哺呷哺强多了，价格也差不多，比海底捞实惠，味道也很赞，就是一定要提前去排位，
空手道小白兔,235956313,https://img.meituan.net/avatar/0c59a6ab4480cc5d0d2e0754a315d5dc16809.jpg,看着评分高来找一波吃的，牛丸是真的不错，口感巨好，好多小料中也能找到自已喜欢的味道，女朋友很喜欢这里的油碟，我倒是更喜欢类似辣条味的那个辣酱，总之很不错的寻美食体验～
敬儿，,145214208,https://img.meituan.net/avatar/0a4d9fd1230644798f7b509779710ee613799.jpg,我觉得很好吃，牛肉很嫩，还有冰粉给我的印象非常深刻，超级好吃!进店必点!还有牛蛙，超好吃，肉质鲜嫩，配火锅绝了，服务态度很好，有求必应，唯一缺点是想吃重八牛府就要排好长时间的队，不过也值了，嘻嘻嘻，感觉等待之后更好吃了
nJM649037928,256521834,,味道不错，番茄锅相当惊艳。一份丸拼盘，一份牛肉丸，除了锅底带的五个牛肉丸，居然还有赠送的鲜牛肉丸，总共得有30个，居然都吃完了，出乎意料。服务员给配的调料，得有七八种，口味凭个人爱好选择。整体不错，就是人太多，吃的话要早点排号。
下流演员,37092702,https://img.meituan.net/avatar/__44358381__5363488.jpg,挺满意的，人气太火了，想去吃建议提前关注公众号排号。手打丸子还不错
DAQ462911755,145906551,https://img.meituan.net/avatar/84b330a127afa23bbf27d7e4c5c6708a147527.jpg,很不错的一家店味道是真好，热情好客，下次还去
msF563520194,58032251,,光盘行动，这是吃火锅吃的最干净的一次。
bBz237416395,137105901,,同事推荐的这个地方，一直想去尝试，就是离家太远。这次长假终于有时间去了，现在公众号里预约，要是到现场约就该等位了。总体味道不错，现做的牛肉丸很好吃。服务也好，环境也不错，下沉式的座位挺有特色。下次有机会还会再去。
mSk133497937,772343042,https://img.meituan.net/avatar/61b64ae566ca7a3a61d2bad2104829b535554.jpg,非常棒非常好，服务人也好，环境不错，
sunao2020,2432995066,https://img.meituan.net/avatar/e0433f87f247b2129423bc7038b973a1358912.jpg,吃的太多了，小哥很好，赠送了好多丸子，特别是手打牛肉丸特别好吃，这回没点那个拼盘，直接点的牛肉丸。特别棒，然后呢配菜也不错，特别是那个酱。有八种酱，每种味道都不错啊，十分鲜美，希望去的朋友多尝尝，整体环境很好。
zhaojinghua1211,15891231,,牛肉丸味道特好，而且Q弹，价位不贵人均100左右，非常好
fwM209590286,74357947,,吃过就忘不了的那口.最喜欢的火锅.超级喜欢他们家的牛肉丸真实手打.我原来最不喜欢吃牛肉丸的.在他们家吃过一次就让我对牛肉丸有了新的认识.真的是太好吃了，他们家的各种蘸料更是美味！在北京必吃的火锅.赞?
btq838755605,815184592,,味道不错，鸳鸯锅不辣，料的味道还行
Hyh383974117,1959785125,,每次来都是为了吃这口，味道很好！每次来都是为了吃这口，味道很好！每次来都是为了吃这口，味道很好！隆重推荐！
YBP303110154,1101944535,https://img.meituan.net/avatar/11e8fcdf97aab07434b2ff64372ac9c914560.jpg,服务不错，菜品味道可以，有个别比较有特色。
xKE585871022,145198584,,实惠，物美价廉，很大一份，一个人都没吃完，环境也不错。
kCe868759896,2915029421,,牛肉蛮嫩，鱼丸也是，牛肉丸很有弹性，酱料好像都有点甜味
SnW415245886,2923275577,,来重八牛府吃火锅最低四年有余了  每次都非常满意  优雅得环境 ，口味得独特，真的太喜欢了，服务态度很好  ，每道菜都一一讲解 ，告诉什么时候几分钟吃最佳， 独特的各种菜肴，都有不同的口味，每次邀请好友来吃 ，都是非常满意开心的离开，总之呢 我是还会去的 永远支持重八牛府
ARw871715554,1065615648,,太好了。 非常好吃?。 所有的服务人员态度都是一致的好评。  味道非常棒?????????。 材质好。 汤料好。 干净卫生。 味美价优。  环境优美。 舒适宜人。  服务很贴心。  性价比超高。  感谢?商家。  谢谢?
匿名用户,0,https://www.dpfile.com/ugc/user/anonymous.png,品质一直不错，环境舒适，服务优优
w翔翔的荷兰猪,225539570,,味道好，服务态度好，环境也不错，总之值得一去
yHP747824853,2323987230,,牛肉不错
Lilyyoung1120,1667543278,https://img.meituan.net/avatar/8db6693313b3e4601e1f138597fef64b11974.jpg,手打牛丸真的好吃。
uhA850292997,674966055,,整体不错，服务可以，味道也还行
Prt709365835,60452325,,「#重八招牌手打牛丸（鲜肉现打）」强烈建议吃货们前往品尝！太赞了！！！！
小困子366,115841908,https://img.meituan.net/avatar/f3b2eba5e7c2d941c5e8ed9a07f134ff77282.jpg,排队时间会比较长，小料比较丰富，味道很好吃
Hi小松同学,552760240,https://img.meituan.net/avatar/30f1df20ef09fc58080469bed11668f439916.jpg,总体来说菜量不是很多，环境还可以，排队，跟重庆火锅差太多。
飞fly龙,137048194,https://img.meituan.net/avatar/86a5a68a840e443f2d8b9211922000988935.jpg,小料太齐全了，还赠送手打牛丸，服务十分周到，太好吃了
Wgz988193243,320203793,,它家的手切牛肉特别好吃，每次都点好几盘
Sqb591181463,116448369,,服务可以，性价比高
匿名用户,0,https://www.dpfile.com/ugc/user/anonymous.png,味道不错，尤其是小料，有各种各样的味道，很好吃
pianoyana,151484162,https://img.meituan.net/avatar/f8ec9fd18eb2824f875da333d9cc107e130374.jpg,很好，小料齐全。味道鲜美服务周到。全家一起去的差不多人均130左右。总体来说很好！！
canyon930,3667592,,好吃，人均160元还算公道，下次还会吃
PPj950397736,2508486804,,一如既往的好！
pKP993539456,98424370,,已经不知道是第几次来了，每次都让我吃到撑  超喜欢他家打牛肉丸的小哥哥。每次都会多送我几个简直好吃到爆。之前是跟老公来这次带朋友来的肯定是好评啦。小料是特色油碟。辣椒谍是我的最爱。情人节还送了我玫瑰花真是好开心的一天。以后会继续支持。
Fann0724,125170015,https://img.meituan.net/avatar/aa5105f13ad25be8ef9a5bb196a9dfbc225761.jpg,锅底里面就有半份肉丸了，再点一份会有些多，味道很好，服务也棒
不食烟火MOM,57165958,https://img.meituan.net/avatar/2e0e436014076a1803c72f75d7f99fc618587.jpg,没有想象的那么好，设施不太好不通风！
gEZ236734265,146940783,https://img.meituan.net/avatar/b752bbbd11059078099711e5131d91d724207.jpg,现做牛丸很好吃。酱料种类很多，每种都是不同口味～
iBX287351076,446528140,,服务热情，环境干净整洁，菜味很好
辛未路旁土,83262750,https://img.meituan.net/avatar/eb158eec542390abf8b9d0bd2d0774148502.jpg,经常来的店，味道很棒，服务态度也很好，除了排队等位很难以外，其他都很好。菜品很新鲜，手打牛丸和雪花肥牛每次必点，小料味道也很好，强烈推荐。
zll我来了,50874427,,味道不错，价格也可以的，就是吃完有点腻
需要努力的人L,568186506,,好吃 第一次来这边，装修不错，停车场免费，新的辣条酱真棒。完美，是那个味儿！
匿名用户,0,https://www.dpfile.com/ugc/user/anonymous.png,口感不错。但是一家三口全都拉肚子了，无一幸免！
匿名用户,0,https://www.dpfile.com/ugc/user/anonymous.png,每次来花乡奥莱都来吃重八，推荐他家的蘸料，每一种都特别好吃，酸梅汤可以免费续扎，随便喝！还送手打牛肉丸，一咬爆汁的那种！鲜牛肉久煮不老！
VBh443475858,880168632,,挺好的，必点牛肉丸和鱼豆腐，正宗
VBh443475858,880168632,,特别喜欢这家的火锅，来了好多次了
renyixin1214,16532332,https://img.meituan.net/avatar/6ecb7762798bf22ad44a02a159639abd51987.jpg,都很好，各方面。午高峰和晚高峰接上了，等位等了一个半小时。值得
微微笑1115,116448857,https://img.meituan.net/avatar/de85202dfad519aaee04571667b4918a70547.jpg,"【口味】好吃
【环境】赞
【服务】牛肉丸帅哥好温柔
【性价比】高"
大头123321,34086153,,味道很好吃，特别香，吃完还想下次
永远争第五,289707291,https://img.meituan.net/avatar/fe6fac0f1b39531a222c0c8b79c9863010116.jpg,小料味道不错 肉非常滑嫩 毛肚的味道也很好  锅底正合适 价格非常实惠 还送了十个手打牛丸 服务态度也很好 鲜鸭血非常好 酸梅汤免费续扎特别不错  这样去的人可以少喝酒多喝饮料  很实惠 环境也非常不错 性价比是我吃过的火锅之中最便宜的一家餐馆
匿名用户,0,https://www.dpfile.com/ugc/user/anonymous.png,"手打牛肉丸超赞 配上虾滑、手擀面 淋上蒜泥酱和芝麻酱 绝了
小俊哥 每次都超有耐心和超级贴心 点赞！
是越吃越开心的火锅呀鸭"
匿名用户,0,https://www.dpfile.com/ugc/user/anonymous.png,这是我会再次去吃的一家店 八种口味的小料 炸翻你的味蕾
大脸饼饼1990,25189716,https://img.meituan.net/avatar/6b149e24e76ef71f0a0e750e0f1cf79320350.jpg,必须要吃的地方，北京的特色太多了，吃的也差不多了唯一的郁闷就是手烫了个泡，大家一定要注意。
匿名用户,0,https://www.dpfile.com/ugc/user/anonymous.png,性价比很高。宝宝爱吃，每周都要吃，也是醉了。
匿名用户,0,https://www.dpfile.com/ugc/user/anonymous.png,宝宝爱吃，最爱嫩牛肉，每周都要吃！也是醉了！
匿名用户,0,https://www.dpfile.com/ugc/user/anonymous.png,除了要排很久的位子其他都很完美
匿名用户,0,https://www.dpfile.com/ugc/user/anonymous.png,自从来了第一次就开启了吃火锅就选重八模式。
徐灵xuling,17560967,,味道非常好，太火爆，每次都得排很长时间的队，但是服务态度超级好，每次都会赠送手打牛肉丸，味道超级赞，带孩子还送了宝宝餐，简直太温馨
耗子拿刀一路砍猫,1811006119,,自己非常喜欢的一家 经常去 小料很棒 各种口味搭配
掉在火锅里的虾球,582757787,https://img.meituan.net/avatar/51306a3de7daba4613e60791c533f48722193.jpg,相对海底捞来说 第一次来吃重八牛府真的把我惊艳到了 无论是装修还是菜品 都很不错 服务很热情 但是绝对没有海底捞那种烦人的感觉  服务员小哥会细心的问清客人喜好 调的料很好吃  好几种料也会细心介绍吃法  赠送的牛肉丸好吃的不要不要的  超级棒??????
Hbb414687390,90826139,https://img.meituan.net/avatar/0b153d50a84104d3558640493f5b44df60122.jpg,感觉不错，还有牛肉丸赠送。口味相当的赞，排队等候时间有点长，外面天气有点冷了，能给提供点热茶就好了。
yqD922529605,1899489568,https://img.meituan.net/avatar/45b0dc0cb48d954902530999b6bc88cd10735.jpg,真的是一次很好的体验，三人花了2百多，而且吃的很好，牛肉丸很劲道。服务太好了，也不影响用餐体验
匿名用户,0,https://www.dpfile.com/ugc/user/anonymous.png,菜品不错，肉质很鲜，价格合理，服务态度很好。结账时没有仔细看账单，有一样菜品本身没有点，也没有上却结了钱。服务人员发现后马上把菜品送过来，还说可以退钱，又给了优惠券。这种做法确实令人感到非常的舒服。还会再去。
zPq238224330,244580460,https://img.meituan.net/avatar/19a06ed623e8ac300ebb432aa3aafaba77220.jpg,跟朋友去的，在花乡奥莱里面，他家在餐饮区还是算火的，价格合适，味道不错！
古稀旧巷老情人,506277569,https://img.meituan.net/avatar/8d424088674ad7cee50624f6f538dc5910785.jpg,很不错，手工牛肉丸是特色，料有多种配好的
Yjy313296952,2858606184,,重庆味道，牛肉为主，小料有多款自由选择
jnE537100998,301802375,,味道不错经济实惠，非常满意。。好
你吖还在看洗枣,32511762,https://img.meituan.net/avatar/87e6556c90bf3bbf372f0a196893c86116251.jpg,一直很喜欢这里的服务，东西也好吃，赞
匿名用户,0,https://www.dpfile.com/ugc/user/anonymous.png,服务态度超赞? 牛肉丸送了好多 一个人根本不用点肉
vbp769056235,754988461,,涮肉味道很好蘸料味道独特好吃肉品菜品新鲜
ZLj679538810,1504410719,,食材、小料、服务都很好，而且价格还不贵，感觉比海底捞好多了
pET299191920,2582860165,,值得无限次回味的一家店，来回很多次了，服务棒，味道好，推荐给大家
果果泽1,521835209,https://img.meituan.net/avatar/b99980ddac83cd6aa483c7abde29cb2a129470.jpg,菜品好吃东西好贵口味很好没有性价比
rPj292520554,68456637,https://img.meituan.net/avatar/1c9f8d852c00f8402c455c8d60b6742151422.jpg,刚开业就来了，一直不错！花乡奥莱村最值得去的店！
JlP327597617,930193847,https://img.meituan.net/avatar/ed03ecd495339c39c24f77a2fc6521cd274068.jpg,太赞了，回头客更是好好招待，热情的服务，非常不错，绝无仅有的味道，质量卫生都很好，好喝的酸梅汤，忘记拍了，不过真的非常好喝，奥莱村的的店是最好的，牛肚，鲜牛肉，手擀面，虾滑，这些都是必点的，羔羊肉也非常好，蛋饺也非常好吃，肉丸就不用说了，非常赞！
dSN836696345,48956922,,羊肉片很好吃，牛丸很赞
哈尼维勒斯,179968359,https://img.meituan.net/avatar/29467864bbe4c30e05fa05c14231efa351963.jpg,此次用餐总体来说不错，觉得比较认可的地方有：配菜合理、服务到位、菜品丰富、口味好、份量充足、环境优美。
Edg734291690,163404466,,好
PtF459392902,1644120343,,很满意的一次就餐体验，整体评价的话我觉得：环境、服务、性价比。
匿名用户,0,https://www.dpfile.com/ugc/user/anonymous.png,服务很好，小料很香，赠送的牛肉丸不要多下，尝尝就行了要不最后浪费...（遇到美团Bug无法评价关闭订单）
枫栀子,5699936,,味道品质非常赞，每次聚餐的首选地。价格也合适，物美价廉。
黑马樱桃,22915047,,整体状态好，小料的味道特别好。
宇宙无敌小可爱t,757117475,https://img.meituan.net/avatar/221f285e00cc2fdb26bb77c6e080c2cd112546.jpg,周日中午去的 大概十二点到的 等了两个小时才吃上 人很多 价格也很公道 不贵
Jit371855189,283858873,,味道很棒，环境很好，价格公道！
与子不成说,390780907,,挺好的，服务员都很有礼貌，小料很好吃，而且会有好几种小料可以沾，这个真的超棒！因为自己不会调一直都是吃麻酱，这回发现油碟也很好吃，菜品的话，鱼豆腐比较好，又鲜又嫩！
Crystal.liyuan,3737412,https://img.meituan.net/avatar/e75241fc6f8f0c8bc566b7c89f01bfd5244599.jpg,味道不错，以前总是排队呢，已经是老顾客了
knR451459370,133580155,https://img.meituan.net/avatar/64193e58e4fabaf5ffa830c538a66a6d25771.jpg,这次就餐整体感觉很赞，比较满意的方面有：口味好、服务到位。
匿名用户,0,https://www.dpfile.com/ugc/user/anonymous.png,好吃不贵，推荐
EOj106854976,286345806,,不好，服务和菜品质量越来越不如以前了
yBB441603274,223863900,,太一般，肉丸味道差，有股怪味，不好吃
紫焱金心,875293123,https://img.meituan.net/avatar/dc09d0417584d54ba5868750df78ca9c18709.jpg,"花乡奥莱村重八牛府，作为附近大学的学生已经吃过很多次了，没想到疫情的五一期间还那么火爆。四号晚上排号73桌，以至于太晚没吃成。只能5号继续来圆梦。
点菜员高英小姑娘服务特别好，还提醒我们点多了。去掉了一份肉和一份黄喉后刚刚好。
肉也比较新鲜，口味一如既往的好，尤其茼蒿青翠欲滴，让不怎么吃菜的我也停不下筷子。"
yIh386930410,1847310062,https://img.meituan.net/avatar/d1bc4931048cb85bcf847224aca7a51c17414.jpg,"已经是第三次吃重八啦~这次复工后的第一个假期就迫不及待的来吃啦！
菜品肉类一如既往的不错，但是那个牛小排实在是有点厚导致里面的还泛红外面的肉已经老了。这样的问题吃三次每次都是这样呢。
另外那个烧饼我真的很难过，这是我第一次尝试牛牛家的烧饼，三个烧饼看图里颜色都不一样。那个最白的咬嘴里也不知道熟没熟，吃了一口就再也没吃。感觉三块钱的烧饼哪怕你提供的是外面一块钱的烧饼也行呀，这点钱我还不如点个面?
其他的很满意啦，希望我提的建议牛牛家可以改进，不要让我失望哦?祝牛牛家生意越来越红火！！"
_qqmfz1336729431,24077060,,环境整洁大气，服务热情到位！李林俊和王乐杰的服务真是太好了！下次带朋友过来！
ByO415214724,278415386,https://img.meituan.net/avatar/30032d3e02ef95b3670bc78e59d79a0314708.jpg,服务号，讲诚信，服务态度优秀，性价比超高哦
EOW966104188,992308064,,服务一般，味道一般，最主要里面太热了，夏天吃，太受罪。
匿名用户,0,https://www.dpfile.com/ugc/user/anonymous.png,服务没有传说中的那么好，而且总是找不到服务员。
Wgz988193243,320203793,,去过N多次了，它家的鲜牛肉最好吃，百吃不厌
挑啊挑,33009416,https://img.meituan.net/avatar/673ae7e10bd460ccddadcd877d3270ba15314.jpg,调料的味道很好。肉一般。人很多。等位需要一点时间
zhangli5790,36706923,https://img.meituan.net/avatar/f7de3db39e5dd4d4256082900ee8f1c4407091.jpg,火锅里我认为最好吃的！牛肉超嫩，牛肉丸Q弹新鲜，就是这次的芝士虾滑里的芝士比原来少了，还是喜欢原来的！继续努力
rCS877567664,764871813,,"丸子
【口味】非常不错
【环境】不错
【服务】高
【性价比】可以"
JlP327597617,930193847,https://img.meituan.net/avatar/ed03ecd495339c39c24f77a2fc6521cd274068.jpg,整体很好啊，还赠送很多东西，都快要吃不了了
匿名用户,0,https://www.dpfile.com/ugc/user/anonymous.png,好吃  服务也很好
泡沫妖精,2325049,https://img.meituan.net/avatar/2f61ca9b026b81cf7be665cf3de6af2a12700.jpg,超好吃。
UGj633612290,115609965,,朋友介绍去的，第一次吃就喜欢上了，很不错
AYc844019654,107925967,,超级棒，火锅是最爱没有之一，重八已经来了多次了，始终没有失望，菜品价格适中
不吃刺的鱼,1046801769,https://img.meituan.net/avatar/5f8de104040d41e60ac061903188948529126.jpg,丸子是我的最爱！每次都吃一肚子丸子回家
mZP210535097,933926847,,秒杀海底捞服务，手打牛肉丸很赞，爆汁口感，赠了一份蛋饺，还会来
Edivon,311984891,,还行。
iAV372014834,265507481,,非常满意.小白同学服务特e好
维维维409,68912310,,去年吃的，应该还不错吧，印象中量小，不过挺好吃的，性价比就那样吧
lynetteyu,11745993,,"几个月前去的，人很多，饭点需要等位。
肉新鲜，喜欢拌好的小料，味道非常好。"
匿名用户,0,https://www.dpfile.com/ugc/user/anonymous.png,牛肉特别嫩，男朋友最喜欢吃的就是手打牛丸
songdongwei,12289783,https://img.meituan.net/avatar/78a82f75798e80c6f82137eecd928af118117.jpg,菜品一般，服务一般，价格贵！期望越高失望越大，总之就是一般，有点失望?
WgE576750027,123057961,,一百分
jiazeyu1992,13748012,https://img.meituan.net/avatar/4262ef4e7bff7ecb41d2d921ab554a2a24583.jpg,味道很不错，「#重八招牌手打牛丸（鲜肉现打）」「#巴蜀毛肚」
o哒啦啦0,370463056,https://img.meituan.net/avatar/77d3d53384eb514e0e5330f9c4350f3b14283.jpg,服务态度很好，很好吃还实惠，就是人有点多，喜欢
匿名用户,0,https://www.dpfile.com/ugc/user/anonymous.png,一如既往的好
YtJ856282855,268969742,https://img.meituan.net/avatar/03158b912895821b30546cf4ed4cc8dc502123.jpg,强烈推荐  就是等位太久了
Dream丶旧人,365257324,https://img.meituan.net/avatar/775e346722d046595c608e55afdab11021033.jpg,非常不错的牛丸，纯手工现打，除了人多需要等位，人太多等了2个小时，建议先去取号然后逛一逛奥莱，累了回来美美的吃一顿牛丸简直不要太爽
UwP686216823,2287744621,,味道不错服务好
DOx63218471,98306538,,服务态度好，良心推荐菜品
V,155610058,,牛肉丸非常棒，红油辣料最好
love1987bear,529873343,https://img.meituan.net/avatar/adaf742a6f88ab78228af6f2ea124e08165279.jpg,好好好好好好～一个星期来一次
侯小晋2,289426381,https://img.meituan.net/avatar/da9d708551cd4f649d6971697d39468a251500.jpg,好
love1987bear,529873343,https://img.meituan.net/avatar/adaf742a6f88ab78228af6f2ea124e08165279.jpg,服务超级好，菜品诱人！来了数次了。
kfH260672970,2747427157,,好吃，服务也很好，经常去
love1987bear,529873343,https://img.meituan.net/avatar/adaf742a6f88ab78228af6f2ea124e08165279.jpg,服务特别好，每个人都面带笑容。让你吃了下次还想去。菜品就不说了，看看那么多人排队就知道了。
鸭子瞧鹿,54281815,https://img.meituan.net/avatar/73dbe76d20f6bf4fa67bd8e6461da1dd147561.jpg,第一次吃觉得他家底料比较讲究，菜品也丰富。这次吃觉得没什么新意了。距离比较远，可能下次会就近吧。
rsI628027384,58574108,,生意好，味道好！
匿名用户,0,https://www.dpfile.com/ugc/user/anonymous.png,服务相当好味道相当差，第一次吃到这么味道古怪的汤底，说是带卤味的，但是吃起来一点都不清爽，卤味还很难吃很奇怪，有时候很是质疑美团的推荐啊，比如这次?
qRQ872283191,1788122493,,肉质鲜嫩，口味适中，菜品新鲜，服务周到
zypd,163693214,,好好吃，环境不错座位特别，上年纪的坐下去有点费劲哈
bCK368579975,571387742,,"【口味】不是很辣，大众口味 很好吃
【环境】环境没得说， 很喜欢这个环境
【服务】服务员很亲切周到，不会太过也不是太冷漠
【等位】真的很火爆，下午四点就提前排队，六点半吃到的"
BCM570298626,240360328,,服务态度好，本来点的就很多了，然后服务员又送了好多手打牛肉丸，强烈推荐，环境不错呀
EhN626890493,784658331,,味道很好，食材很新鲜，量很足，很实惠！
DUI972424358,124135276,,真的不错
ZyM144553455,1373803808,,牛肉丸一级棒！还有双椒牛肉！每回去最少双份???
匿名用户,0,https://www.dpfile.com/ugc/user/anonymous.png,味道不错，牛肉丸好吃，服务也不错
孤独的贝壳儿,715276436,https://img.meituan.net/avatar/179c3fec14e5a92b0cc5c0d4cdce9e92277768.jpg,好吃的牛丸～分量很足 价格OK
匿名用户,0,https://www.dpfile.com/ugc/user/anonymous.png,味道还可以吧！不过就是价格不低啊！蘸料比较丰富，但是价格可真是到位啊！三个人小五百，一点酒水没点，就是吃了还饭，都没敢放开了吃啊！
匿名用户,0,https://www.dpfile.com/ugc/user/anonymous.png,服务生不按优惠结帐，价格高，东西少
渣平丶,618700676,https://img.meituan.net/avatar/737a256c1714425feba9079070f5bffb94924.jpg,好吃，但要强调的是服务非常好。
Prt709365835,60452325,,我是山东的，出发到北京，偶尔机会去了这家店，抱着试试的心理去消费，结果感觉超赞！味道佳、菜品好、服务周到、份量也不错、价格适中！以后去北京还是会去的！！！
wTD298358139,293163561,,菜品一如既往的好吃，最爱酸麻汁，两碗都不够，肥牛羊肉都不错，小帅哥赠送的牛肉丸非常有嚼劲！可惜每次都要排队
Ike105117872,2681194935,,味美价廉，服务周到，环境优雅，中西结合
EKn79011030,105811778,,以为很贵，但是吃下来还好，服务真的很好！有机会还会去的！
LJJ66148189,98295888,https://img.meituan.net/avatar/e936ba2916290a2fbb47d191b7ea6ffe327360.jpg,"【口味】好！真的不错
【环境】优美
【服务】体贴入微"
紫月凝涵,275712962,https://img.meituan.net/avatar/8e4a9af4b413227056af6315deb1048914489.jpg,食材新鲜，尤其牛肉，肉质非常棒
小奶糖108,506724284,https://img.meituan.net/avatar/b639b9c7d597684c7b15b2adeb747b7b52401.jpg,说真的很好吃
匿名用户,0,https://www.dpfile.com/ugc/user/anonymous.png,"超级棒
【口味】"
匿名用户,0,https://www.dpfile.com/ugc/user/anonymous.png,味道不错，推荐牛肉还有牛肉丸！
myangelhanli,55293202,,菜品很好，服务也超赞?
匿名用户,0,https://www.dpfile.com/ugc/user/anonymous.png,好吃，就是吃完俩个人都拉肚子了
Xal73604933,258308528,,牛丸很好吃，尤其是手打牛丸，口感好，味道很鲜！
XIE590698247,110702635,,好吃到爆了好吗
匿名用户,0,https://www.dpfile.com/ugc/user/anonymous.png,好吃
_qqdkf1386301487,66013349,https://img.meituan.net/avatar/__48932230__2216658.jpg,口味特别好，朋友也特别喜欢。
gQZ710312896,322575274,https://img.meituan.net/avatar/31745c6e6f6bff2063b7e6cf5e31e417285054.jpg,味道超级好，服务态度也超好，好评！！！
lNc846462084,673272967,,味道非常好，
TST935972751,694085918,,还不错，服务态度很好，味道也很不错。
吃货美儿,852858535,,很好
gygbenson,31937204,,好?
Jcu468952523,2291720941,,味道不错，服务态度也很好！就是等位太慢了，而且本事好多空桌，就只有一个人收拾，导致很多排队的在等桌子。希望多一些收拾的服务员。
atN582215867,111321014,,菜量少，锅底都快干了服务员都没主动给加
chb982114729,1266772533,,好吃，服务好。
MMH792664255,270706386,https://img.meituan.net/avatar/cca4162066e80340cce668bcd904133219292.jpg,非常好
EWh783198548,2290554402,,很不错，好吃不贵！
扯扯77,58332259,https://img.meituan.net/avatar/cfdf268ba8365bafe2ce83a95614b61738419.jpg,棒呆！！好好吃！！
qxY394383887,2230827397,,特别好 服务也好 连着来了两天了 哈哈
seanlan888,14808644,https://img.meituan.net/avatar/b9bc3eecd7a890097484849945ab3f2f23349.jpg,第一次来，朋友推荐说是北京做的比较好的火锅，奥特莱斯3层生意不错说明人气还是十足的，进店服务不错，菜单单价总体不便宜但是有送丸子还是比较贴心，手打丸是不错的，很有广东潮汕味道！
远走高飞besos,410706097,https://img.meituan.net/avatar/b61566add9779ba90dddee18911a7ac42507.jpg,还算实惠，服务也还好。
nnk468407046,1018807987,,味道好，服务好，一切都好
jSg331874316,1951586275,,贼他妈好吃！
joyce辣妈,75295446,https://img.meituan.net/avatar/01059ee8994d4c3f4d1afc84423a5b79108571.jpg,总体来说还不错，我们桌的小哥哥偏内向，菜品棒棒哒，速度棒棒哒，态度棒棒哒，虽然有个菜没上吧，但是我是吃饱了的，两个人，230也差不多，总体来说都还不错
olP914442392,1870906124,,服务态度真的好，送的东西太多啦，导致吃不下啦！
xUX970161668,918807842,,就餐环境优美卫生，菜品味道鲜美，小料样式齐全，不错的就餐体验
Wai296220702,1891131036,,很好吃，很划算，很棒，很喜欢
BOX413790153,892368795,,好吃的牛肉丸火锅 价格实惠 四个人吃了不到四百
龙龙啊,345048783,,环境一般吧，等了一个多小时，服务不错，送了几个牛肉丸，价格也不贵有折扣，最后三个人算下来240不到。牛肉丸还可以，一片大牛肚没吃上，要的四川牛肚，一般吧，没有四川火锅吃着好吃，其他都不错。
YIz458849058,1367410698,,好吃
UUq649269417,1335193177,,简直好吃极了，尤其是各种牛丸和牛肉，很嫩很嫩
YAz500362769,1298414771,,"好好好好吃，把炸鸡放辣锅里很好吃
送的牛丸 香菇猪肉膏都很好吃"
hIK310453219,1576928914,,手打的牛肉丸和墨鱼丸真的好吃到爆，服务态度也很好第一次来吃，服务员小哥哥挨个给介绍小料的沾法和食物煮多久，不同的丸子分别都是牛哪里的肉之类的，非常满意！以后还会来的！
水煮鱼鱼呀,326654167,https://img.meituan.net/avatar/92b6df187c9aba1560f941d28dcafb9234031.jpg,味道超级好了 两人吃的绰绰有余 调料也很走心
iqe644236975,1227849894,,收银员态度超级恶劣。
AlH539919136,1861271326,,服务可以
Vvvicky700,536783921,https://img.meituan.net/avatar/1b601d6592f56eb91b77711ce0a48e5a50185.jpg,冲着这家店来的，小料样式超级多，青椒酱拌面超级好吃，服务态度超级好！据说全北京最好吃的牛肉火锅，各种鲜肉丸子超级好吃！
aNL539092467,909667545,https://img.meituan.net/avatar/15fd1a42ea58f1f10b7054729205e59751104.jpg,调料汁非常赞，餐具不太干净
YUL115099440,1101071949,,上菜快，味道正宗，牛肉丸超级棒！
Xsg755446523,1468462317,,这的服务非常好
pnf961586924,1444313950,,不错
倔强的芒果_,67491663,https://img.meituan.net/avatar/93f80db2bea0d4babe25bdc5a0e82166272007.jpg,服务很好_可是味道偏咸
QHf833789073,1548149031,,味道很棒，服务态度也很好，值得推荐
麦田疯子Xp.,69608835,https://img.meituan.net/avatar/d43d4c634d8e44fa33444b0a94b09fc992821.jpg,环境很好，服务很好，酱料很好，牛肉丸很好，牛羊肉一般
Vhg353734436,1811541444,,人很多。都是等位的。肉很嫩。味道不错。很赞?
KzG535666984,1818343983,,真的好吃！
vil928389521,111123229,https://img.meituan.net/avatar/4fdebc5440ed27b5d69a5ff35352ca86194047.jpg,连续吃了两天，当然值得肯定
vil928389521,111123229,https://img.meituan.net/avatar/4fdebc5440ed27b5d69a5ff35352ca86194047.jpg,很好吃，服务非常好
xTN657755947,258575284,https://img.meituan.net/avatar/eb14eadf7be66adc8e26f22c88d5bfef5072.jpg,很好的一各吃饭的地方，装修的也很有特点，主要是服务特别好
还没睡醒,394691848,,服务好，口味佳
taotao9870,356172636,,牛肉丸好吃
Jve586759252,1650329407,,不错
bYs455232887,1632981122,,简直就是特么无敌！从服务到菜品！爆炸好！
uiJ356266984,1801661163,,挺好的 服务不错
iMp442999255,1443609183,,服务很周到耐心，给服务员点赞
梦中飞尘,1594862,,服务非常好，小料太好吃了 椒麻料尤其赞
FeT407545877,1583609387,,朋友推荐的 确实不错 ?
rWh543180480,1120278557,,炒鸡炒鸡好吃?
OEp353737941,1616369763,,不错，性价比高
eVy464591320,1291678195,,服务很到位，菜品味道很好，分量足，好吃
vqm138563327,199761878,,牛肉丸子?最好吃
cup845104009,1613386797,,来了不下五次了，特别喜欢
叶落花田543,209680935,https://img.meituan.net/avatar/9ea258dd5e22b77fd38d87673aa6f30d96706.jpg,特别好
erP819188347,1185854329,,第二次来 服务质量仍然很好 店内8.2折 两人消费不到150元 很实惠。附近可以免费停车，下次还会考虑带朋友再来
dyJ363245507,1134384728,,服务质量下降
LA1013.,335881819,https://img.meituan.net/avatar/14e5c6099d2a193b248d7cbd4034aa6177258.jpeg,超级宇宙无敌好吃
LA1013.,335881819,https://img.meituan.net/avatar/14e5c6099d2a193b248d7cbd4034aa6177258.jpeg,超级宇宙无敌好吃！
hEj225881481,988960896,,就是屋里太热，冷气不足
Xmg233909259,1488393394,,服务没得说！
Hxr584301437,1099717711,,真心不错 强力推荐
飘落的共和旗,12101610,https://img.meituan.net/avatar/3a08444900d26b5e8fb5d5bf2b4acc6026090.jpg,好吃
jZp240512594,1759770263,,很舒服！下次还来！服务非常好，调料很赞！
Rtz648504134,1292449709,,棒！
Leigh某,17000514,,牛肉丸超级好吃?
WXo123190347,121727557,,刚上来的盘子不干净，不过后来换了
AiI755500517,1171871936,,第N次来了，味道一如既往地? ，服务依然很好。
QEM828482930,1048961669,,手打牛肉丸好吃极了
,2.30584E+18,,服务好，口感好，而且真的很合适，八二折优惠，很便宜的哦！服务员哥哥很贴心
Ymt788640796,1528343769,,微信排号超时了，经过服务员的安排一会儿就安排用餐了，味道棒棒滴，服务超级赞，兵至如归的感觉。
TsA848739369,942309246,,没觉得特别好吃啊
肉松猴,43396462,https://img.meituan.net/avatar/4af0022a5b63538a29c0fbc04f5e25cd169440.jpg,吃的圆圆的
fov9991,68462812,https://img.meituan.net/avatar/8189c040117d742ca8f908b5f3e08a4113293.jpg,第一次来，排了2小时队。味道很不错，价格不贵。服务很好！
foe945170334,1093653652,,服务员态度特别好，对小朋友也很好
Uco538886808,899062985,,这家小料好几种都挺好吃的
jNy907350659,1694706349,,物美价廉服务好
jeR832637313,1087609601,,特别好吃
SZd714929775,1046535305,,小宝最喜欢的火锅店，店里的小伙子小姑娘对他都特别好，环境好，价格也相当实惠！
vwe431837502,922241509,,一如既往好
pMV786640036,1258775091,,服务不错?，菜品有新意，但是锅底味道一般
ZeI400830420,194081127,,回头客！味道赞，没的说！
avF218519981,1736069461,,特别好的是给了宝宝餐 孩子吃得很好 服务特别好
PUNK寿面,231028590,https://img.meituan.net/avatar/12df4c00a39cae29d65bb80dcccf4b12194180.jpg,大众点评满分，特别好吃
J.M嘉明,676483803,https://img.meituan.net/avatar/28d4be511dbda61caf1f69614e5ffde4178380.jpg,服务太好，以至于无法挑剔别的
ABt165940855,1737515369,,服务态度好，菜品也很好
RCf307252381,1053326053,,茴香小油条不错
vSG836948853,1068134330,,好评，美味
Ozi570249443,1067298566,,"一片毛肚超级脆炒鸡好吃
嗷嗷推荐"
mDK982216314,1112817146,,太能等位
WlS441405889,1733737939,,味美，实惠！
UfC828466733,1197761999,,超级好吃，服务态度也好！
eSE875257334,1731745598,,服务好
ErZ277638198,107598133,,餐具有点尴尬，破碎的很多
rMp445140133,1096685726,,牛肉丸可以，小料也不错
Xmd711989516,1012607965,,吃过N次了，好吃?
iGg82849063,85355418,https://img.meituan.net/avatar/de72a000317a101487a3ec0446f10b2c23377.jpg,服务很好，菜品新鲜，环境很有特色，还物美价廉！下次会再来，赞！
ePe221531854,1017304616,,老客户了，每次吃都很满意～
tiW563588463,1130870823,,喜欢牛丸
维维妞子,97790109,https://img.meituan.net/avatar/52aa20ce365114436d3fb85e3d5d4807297194.jpg,没有想象中那么好
coco777111,364726028,,碗筷再洗干净点就更好了
Xhp431139582,1628334405,,好！
bFG698557634,883829016,,味道不错，值得推荐
mWt456809184,889452227,,好吃
yEm894925903,1079268096,,吃个精光哈哈
jwk544716870,970969605,,环境好
_h3602090723192,10284669,https://img.meituan.net/avatar/672c1d4c6cd809931c37998683fdf0c330912.jpg,确认非常好，很满意！
SZd714929775,1046535305,,花乡奥莱店，环境好，服务员都很热情，带孩子来还有免费的儿童餐！头一次来，之后会经常来吃！味道真的很赞！
iCe566768851,118528526,,八二折
,2.30584E+18,,服务很好 吃的比较舒心
tEX718495180,1013949740,,服务周到，菜品丰富！很好的体验！就是能再辣点就好了！
MTz687624611,1459722638,,一如既往的支持你，从双榆树到花乡！?
UVZ252173140,106305489,https://img.meituan.net/avatar/6eb60cc52dc018b34fc166133dd762af171688.jpg,服务态度
wUh941341930,1116033131,,好
800_user_1357650239,356796296,,各种手打牛肉丸，
表哥281,555224967,https://img.meituan.net/avatar/00a0a88b4785a27fa9d551d9446511d278757.jpg,食材超赞！
祁yingyi,136487724,https://img.meituan.net/avatar/37b4e42a8c20b6cc5e98a1f286bc56be148039.jpg,服务员小哥哥小姐姐们特别温柔！店里的小料是特色，给特别多种，第一次来没怎么记住哪种菜蘸哪种酱，小哥哥小姐姐们看我们没怎么蘸料，先后来了三回给我们耐心讲
fXl795472725,1403870802,,不怎么样等候时间太长
GBW310592368,1688776990,,第一次来味道超好吃，下次必须还来
SZd714929775,1046535305,,巴蜀毛肚超级好吃！
qGq334737037,1069658223,,好吃?
mvF825962482,1103059036,,味道棒，服务好！
豆奶小e,287264899,https://img.meituan.net/avatar/14368f9cc2b22b39b7bf634049b966d3166936.jpg,真心不错
etv979774277,1048310115,,环境太吵了
食家子,11849834,https://img.meituan.net/avatar/de8c3e8a2ddd488a9d09380efc794fc637670.jpg,非常不错的牛丸 辣锅餐厅很好吃 来了二回只吃牛丸跟虾滑鱼丸还有牛舌 别的没有什么可吃的
bcJ450710214,1638130962,,超火的一家店，周末时基本全天等位，味道不错，蔬菜可以点半份，避免浪费。服务较好。小料是自助的，酸梅汤可免费续，如果有更多热饮更好了
UBr745165188,864116329,,特别棒…下次还会来
玛格丽特Kris,67884502,https://img.meituan.net/avatar/3391344cda73839be65711fc1aed473235363.jpg,真的很棒！服务特别好！帅哥特别帅！！！味道也很好，但如果鸳鸯锅辣锅能更清爽更四川风味就好了
UaQ173576485,1153565519,,太特么好吃了
NcM928388483,1086328900,,服务周到
yuhailong410,255593137,,真的很赞，第二次来，很爱吃
tDj715861897,1682388060,,好吃
xLx225668565,124987628,,挺好
南北G45,82555461,,调料多达十种以上，牛逼
ELLEVEN9,152089321,https://img.meituan.net/avatar/f584ca6531d94d9ce372f31cdb8a06d0175862.jpg,欲罢不能
mxb161776824,1674905860,,不虚此名
VCe460824861,1670096228,,第三次来啦～特别好吃，服务也好
瞳86.3,405368145,https://img.meituan.net/avatar/f052204545475d85e1b269ac8a40fa2a433705.jpg,美味
KZf734401025,171817109,https://img.meituan.net/avatar/c36ea32d194ddced8048c0061047172e146984.jpg,服务态度特别好！
pkG624831678,1634556576,,服务不错，新开业有8.8折，还送了新鲜牛肉丸，宝宝还送了宝宝餐，两个猪猪包一碗鸡蛋羹，非常贴心
YrT604521883,1662878843,,肉质鲜美，环境好。
米朵朵888,54425032,,味道棒，服务好。符合北方人口味。赞赞赞
AQk648146251,1546998439,,味道好极了。好吃?。
weP824766375,1005975379,,超级赞的一家火锅店 服务也超赞！
VLD544709464,1613512037,,只能说吃的干干净净！
Pbl820720740,1050803161,,简直了，超赞！
QcQ940746580,1640106479,,好吃
袁国畅,682061851,https://img.meituan.net/avatar/04facfbec7bafcff4ce44e7ba0405b4d19834.jpg,非常好吃全吃光了，还打了8.2折
哎哟不错这个,27764708,https://img.meituan.net/avatar/da6d41e80a6e5173c4acffa488db89be19138.jpg,服务是真不错，竟然还能在锅里加辣
YiS297782005,996415184,,不好意思！吃个精光！味道?！服务也不错?
fw2580,3423036,,第N次来
Meng4826,823721724,,棒棒棒！
兔纸的孟,76045165,https://img.meituan.net/avatar/2ad2ab7b95fd419d39b541ab50643e1910318.jpg,味道环境很不错
yQb959402896,222931820,,味道不错 服务好 小料好吃
KIK466047948,244422898,https://img.meituan.net/avatar/649c8305d7094d4985b19b1fcc215f1230366.jpg,好吃好吃好吃！服务也好
ZWb776135735,1554059802,,想打五十个星?
LuciStar,44683897,https://img.meituan.net/avatar/4a7dea55c035a1c3288f0d4afd01ae5b109041.jpg,非常惊喜的好吃！新式椒麻鸡小料和棒棒鸡小料非常成功！
VZP928085038,1130974797,,好吃好吃
YOo225444112,1564063527,,真棒，下次还来
黄飞先森,92536750,https://img.meituan.net/avatar/53b494c31c70a91b1e32f4e1554ceb9568894.jpg,超级好吃
UhD702418420,854321805,https://img.meituan.net/avatar/2771e002a1c311094f2417bde4bed36422967.jpg,火锅好吃，几个男服务员服务特别到位，全程微笑服务，让人心里很暖哦，必须好评，强力推荐!!!
cLy468612524,921132920,,服务超好，小料很惊艳，好吃，还能免费打包小料回家。经济实惠。
jia463314188,1620951431,,很不错，都喜欢来！
,2.30584E+18,,喜欢辣椒小料
Ivb855341326,984944778,,服务生非常主动，服务很好，火锅也好吃。
鬼若子,336001080,,太好了简直
hKg924955531,213359396,,贼好吃
rm安吉拉,71094316,https://img.meituan.net/avatar/682efcfe8d6a2d02f0d58d005d1bfcf516790.jpg,服务态度很好
Ghm550964571,1576927494,,服务态度太好了
jDv830465602,1162680734,,超级棒！
ohm929599129,718725620,,牛丸和小料太赞了，牛丸q弹爽滑，小料太好吃了，推荐酸麻和香油蒜泥还有香辣? ? ? ?
YXD190709179,1575243388,,味道不错哦，牛丸太好了，很Q。服务也不错
nKD655248177,1274405822,,蘸料特别好，种类多，丸子也好吃
hhP740424439,209641639,,好吃
Moretz.,60044960,,服务热情到位 牛丸 鱼豆腐好吃
Ndj285887634,1084136564,,服务赞?
Dpp904753971,1424892686,,最近服务和菜量不行
ikp594188367,111355544,,服务非常到位，小料丰富菜品新鲜，服务员非常有眼力劲，总之很满意！
HJc304023005,1577438565,,超级喜欢特色的小料
meH863636153,1577568793,,服务态度好
pVL566121012,1556391798,,重八牛府老顾客，这家新店第一次来。82折，很给力
zzM337566078,1105562318,,真的超级好吃
hcD388296771,1502632972,,很棒！味道很好！人均消费高一些，但是品质不错，可以偶尔过来
Yiz674971995,305335049,https://img.meituan.net/avatar/5d8e0d0ab1807ab79324d3ba320081a142859.jpg,安徽火锅，小料很有特色。服务也很好，和海底捞差不多。现在在打折，超实惠，人均80吃到撑。
uXM944239049,310146996,,超好吃，强推
七叶果子,135194459,https://img.meituan.net/avatar/1dc0d8a0bc66b8f7345bca6f57e9cece116867.jpg,味道很赞
谷先生很帅,803775769,https://img.meituan.net/avatar/57a08936022b695b581e4098af8571c1190728.jpg,我得天，服务太好了，来了好几个人过来给我讲解，我都不好意思了
XbG178622682,234977073,https://img.meituan.net/avatar/987434fee123d22dee1f3737bb2b0c3719411.jpg,服务态度特别好，耐心介绍而且轻声细语，分量特别足，按照以往的饭量点餐结果被服务员拦下来了…怕我们吃不了多花钱
JBz902302779,1135688440,,好的无言以对
xiQ172574867,1020973426,,非常不错！
vjp364896084,1187371831,,很不错，服务贴心
HqV288316253,275265271,,牛丸确实好吃
璇啊啊,330206261,,好吃，服务也好
四宝八环驴粪蛋,71237149,https://img.meituan.net/avatar/a227eba5bbcd37ef2312b2951ccdb97017581.jpg,很棒！牛肉丸很棒啊
JdL588471857,1452236381,,菜是真的好吃
树语11,80572923,https://img.meituan.net/avatar/f9cef9f5b8b3f3b35082b8ecd30358ea97841.jpg,超好吃，尤其海鲜汁浆料，服务也好，还赠送牛肉丸
jnZ385011557,1330351090,,服务员老帅了
SFJ688381001,251046032,,超级棒！
Vzn763703893,893861282,,非常不错
NFn831878286,1324455053,,光锅行动
MUY191397001,895513847,,非常好吃，服务特别好，很开心，下次还来。
Fcj724509508,1074212398,,服务很棒
tcR681325693,1395412779,,很不错的一家店，服务贴心，菜品很好
迷死鱼_2289,620144374,,哇塞 惊为天人！墙裂推荐！
IYG179639725,1149705990,,不错
OVY814707851,420572931,https://img.meituan.net/avatar/18be3bc9fcdcf8f153fab7a97b8638dc26138.jpg,各种调料，各种服务，除了牛拼外，其它食材质量非常好，还会再来！
YYj602240063,1232477026,,环境也不错呀！
一横之下,40126760,https://img.meituan.net/avatar/138d1f9ba7ff1afaab57459ba311963012021.jpg,明显忙了 服务还是很贴心 但没有原来的状态了
Ysy973204715,1404462568,,极力推荐
bmE286550600,1254369879,,服务非常好~赞赞赞??
wzhoulyj,14567724,https://img.meituan.net/avatar/af25c831f837341f9831876058caad7867628.jpg,很细心介绍菜品！人均消费80/rmb，调聊很多！肉丸很嫩！下次还会带家里人来
小斯特啦啦,32886292,https://img.meituan.net/avatar/618859db93b8b60d048461c5ad585c1f11213.jpg,墙裂推荐的一家火锅店！环境和服务态度都是一级棒！牛肉丸劲道，虾丸爽滑，羊肉鲜嫩，黄喉爽脆，青菜新鲜配上独特的酱料更是吃的满口流油根本停不下来！本来说午饭不吃肉的男盆友一直喊着要加菜！好吃还打折！
AEb431868624,1316524259,,点餐和上菜的小伙儿都特别热情，负责小料儿的小伙介绍特别详细。服务超好！
ANg565901841,1093036873,,很好，环境好，吃饭点儿需要等位，主打牛肉丸很弹牙有韧性好吃，调料也是一个特色点
OVK602511225,1279489573,,调料里面放芝麻虽好，但是会改变一些调料的味道，手切牛肉和牛舌都属于中下水平
Tul452989805,65303909,,服务好
NEj219364367,1055856698,,非常好
rwY132532052,1090285955,,裂墙推荐，服务态度好，环境也不错，小料种类很多味道也赞，牛肉超级嫩，手打牛丸也劲道，鸭肠和牛肚也都很新鲜，一定会再来
DuJ750356472,1355900602,,比较好
IRo222976638,965547021,,朋友介绍来的、口味和服务真的很棒！下次还会来、
Tuy914085456,57336840,https://img.meituan.net/avatar/91f62adacfa2112ed82b778a68e9675b78787.jpg,超级好吃！！给孩子吃也放心！
冰蓝7357,98194472,https://img.meituan.net/avatar/1527d646d300fa5584baf38e42588b4c40763.jpg,的确美味，热情周到，良心餐厅，大人孩子都满意。
MvL509677698,1013479399,,重推这家火锅！六种小料每种都好吃 并且这家店特别客气堪比海底捞 六种小料给我们一人来了一份让我们尝 特色是牛丸 跟店家说喜欢吃店家又现给我们弄了几粒?好了以后聚会我要定在这里了
mCQ380425461,1017990109,,不管环境还是服务 ，口味。 都超级赞。超级喜欢?
yjj616531601,1089408677,,味美服务佳，值得再来。
airspencer,54289451,,超好吃
Ldo606802635,718637958,https://img.meituan.net/avatar/6f3115da5097158e0ea2dabdff4b545942111.jpg,服务态度很好，店面环境也很棒，推荐手打牛肉丸还有嫩牛肉特别好吃呀?
天安门爱我,1233764,,服务超棒
CGw259378769,1227194235,,服务特别值得称赞
XWB100779093,102142621,https://img.meituan.net/avatar/fd3d0ad858bb873a77aff2ff7fd38de377157.jpg,好久没有吃到这么好吃的火锅了?
OwG799669601,987209405,,特别好吃！！！
LEIGEDANIU,27204651,,很好 附近最好的火锅
独家记忆OP,564797631,https://img.meituan.net/avatar/4f72fc0d637ab05c8563e862a6e992d8202493.jpg,哼好
wlH2859732,60259642,,真心不错，怪不得是全城第一呢
小小皇后爱热闹,117091926,https://img.meituan.net/avatar/9971aeff2df862b3498cf006da857bba17024.jpg,服务超级棒
独家记忆OP,564797631,https://img.meituan.net/avatar/4f72fc0d637ab05c8563e862a6e992d8202493.jpg,服务很到位
tAZ372797258,1259013702,,服务超好
hehelp,2291174,,第一次吃，味道和服务都很棒，下次还会再来。
QgV513546411,1249715165,,小料有特色
AQa991543490,1105241324,,不愧是帝都排名第一的火锅店
Vzn763703893,893861282,,不错    下次还来
qnnqnn,46792011,,为这家店打 call，很好吃，小料就很赞了，丰富多样
独家记忆OP,564797631,https://img.meituan.net/avatar/4f72fc0d637ab05c8563e862a6e992d8202493.jpg,吧台服务人员很好
zhuhong朱,37754012,https://img.meituan.net/avatar/c8405c076b7c9956fabf19458653092d48676.jpg,服务员服务超级好 料也足 东西好吃
TrX911580812,1088181283,,来过几次了....很喜欢
Vzn763703893,893861282,,不错   味道好好
yyansu,4188654,https://img.meituan.net/avatar/9bdd8863660ac2e84c5e351a2202c3da19936.jpg,终于来拔草了，非常好的一家店，感觉得出店家的用心，对于每一桌客人都耐心的介绍每种肉品的特色，还有每种小料的口感和特色，特别是特意为每桌客人讲解手打牛肉丸，用餐的全程服务到位，肉品小料，超赞！！！
Vzn763703893,893861282,,不错
照妖静1001,155001421,https://img.meituan.net/avatar/5637c81ad98dfa69255e5f18adb7ebe2358548.jpg,去过很多次都挺好的     这次人多乱套 服务明显下降 儿童餐有个小猪包 免费 孩子一直等着吃 等到结账才给 不知道如果花钱点餐会不会也这么慢
zzc890930794,1210955017,,服务态度很好
RWz776677661,981013601,,真的很好吃
TNY769793067,1164076949,,好评，凤霞小美女服务员好评，过生日给放生日歌
Jft809640748,1126701078,,最美就是吃到心满意足！
phN692838107,1069115750,,第一次来，感觉特别亲切！服务员也特别热情～堪比海底捞！菜的品质也是一流的～味道超赞！
子墨273,651944334,https://img.meituan.net/avatar/680245025ffb1b38ab7e7180b1052db738125.jpg,江湖氛围，超美味多种小料，服务超贴心～丸子好吃的不得了
yRI349022218,1149592063,,牛丸的味道很不错！服务也很好！
fuz643140837,1102171038,,"手打牛肉丸的小哥在我身边转悠了好多圈，给周围所有人都给了丸子却没给我们? 
其他都很好，人比较多，早些去等位"
Jing6749,759886560,https://img.meituan.net/avatar/a5f7f9b1357b1118f5db4788097bf50b124235.jpg,体贴入微的服务 Q弹牛肉丸 我们都是回头客～
Zzzi,358893494,,店长优秀，经理和服务员也同样耐心细致，第二次来，很少做评价，应妈妈要求必须给个好评:）
mSR25142280,188693707,https://img.meituan.net/avatar/8c816832ef369ab073fe4b10b271d71e155834.jpg,好吃 ?
忽而3421,8904370,https://img.meituan.net/avatar/fa3dedb63820c56c12bd58f1f762ff3b16020.jpg,小料，丸子，牛肉都很好吃
BNb607236312,1006293381,,吃之前得上课！重要的事情讲三遍！
pTU583525044,1154333470,,味道非常棒，还会再来
独家记忆OP,564797631,https://img.meituan.net/avatar/4f72fc0d637ab05c8563e862a6e992d8202493.jpg,吧台服务工作人员很好
vfw920411255,1144065390,,味道挺好，服务也挺好的，
lBZ627591619,1092153726,,超赞超赞超赞重要的事情说三遍！！！！！火锅好吃而且服务员态度太好了不比海底捞差，上帝般的享受！！！！！
小天Olivia,15758159,https://img.meituan.net/avatar/bd63f455049852c2c0bbaf7b0e66355c103228.jpg,服务超级棒！味道真心不错，不比海底捞差哪儿去！
若溪822,6180965,https://img.meituan.net/avatar/b23c60a19dfe9b98ed44650abdf5f5e954110.jpg,一个人吃上了好多小料?
UAj290705099,1093107473,,服务好
TDa392579552,1134644710,,很好吃
追梦的舵手,117506642,,服务好，赶上海底捞了
OAB884422514,987450122,,服务很好
Zjj664772134,1101209297,,最喜欢他家的蘸料！
rvU293166512,227238003,,不错，回头客，吃过后总想来，美味的食品，热情的服务！
OPP654033017,1052965490,,推荐，很正宗
RaM975120988,989329992,,味道没得说，真的超级好吃，肉也新鲜，自制蘸料特别好吃，而且是无限供应的，送了好多丸子，最后还有西瓜！服务态度也是好的没话说！给赞！
朋朋子,118814637,https://img.meituan.net/avatar/1c9d86ae1a47b86edd0ffe59e4a1b8a98061.jpg,肉丸确实好吃，现在这新店还有八二折优惠
金麦小麟,50971135,,非常推荐，没想到牛肉丸可以这么多汁
njH304863519,1064735819,,服务超好 两个人就餐给我们调了12碗蘸料 都是现配的
rvU293166512,227238003,,肉质细嫩、口感好，尤其是各种小料任挑选，还会给解释每种肉配那种料口感更好，灰长赞?，等了一个多小时还是值的！以后会经常光顾的～
Wzk595759460,1109414540,,一般
XOE693568646,1103190547,,不如人大总店好吃
cfl522237644,1066742490,,牛肉丸赞 服务太好了
wui664310908,996437178,,服务棒呆了 不爱吃火锅的我也喜欢上您家店了。老板要记得我俩 哈哈 北京小夫妻
p00777697,80744422,,菜品口味不错，服务是真心的号，我们第一次来，服务小哥给上了全部的小料并一一介绍了该怎么吃，整体用餐过程很舒心。
UcO556722341,1092031735,,味道一般般吧 没有上次的好吃了 不会再来了
独家记忆OP,564797631,https://img.meituan.net/avatar/4f72fc0d637ab05c8563e862a6e992d8202493.jpg,吧台的美女服务很周到
Hzj784778572,1096045162,,服务热情，下次还来。
李海龙584,1074194927,https://img.meituan.net/avatar/155274f43a0a05d82f70fb381ac57dd5106132.jpg,不错，推荐
XSW549512941,905527836,,不错
dWz704988459,1070882897,,帅哥很帅，菜好好吃，辣酱大?品种多，还要来～忘记拍照，留着下回照
Sey317380165,288531045,,小料绝对特色。牛丸，羊肉鲜美嫩滑。吃了3次了。欲罢不能呀
zAh378733464,968035512,,服务真的很棒，味道和食材都不错
coco777111,364726028,,好好吃～
keydoor007,211943978,,哈哈！好吃！
OSY382168037,209793434,,非常不错
sdE192793928,1069221887,,环境好，服务态度好，口味好。
uRL962096539,315593953,,推荐！！！环境太好了 味道也不错！
IXA670372822,1081869297,,服务态度很好，非常热情
xDO318180156,1052054022,,服务超好
瞿汇琳,21417909,https://img.meituan.net/avatar/4cee8fd0fb5e1e36a2749bf6ff1885a036488.jpg,限量牛肉拼盘极好
NXv367058175,1051251489,,专业
Yhz237842477,1081707438,,新开业的店服务很好！
bVa551428816,1087115468,,不错
yayayayahu,351604051,,环境很有特色，服务非常热情，食材好吃
BrN104760104,983724736,,小料好吃，服务好，口感好，食材新鲜
NuQ600463043,1006550951,,只能说，虽然很偏，但是味道真的不错
liuylyangj69,220733,,味道好服务更好
TZL74481518,145823363,https://img.meituan.net/avatar/1152e315e266e1ec03b200836d80013084949.jpg,味道好，服务热情
刘扶摇183,490977556,https://img.meituan.net/avatar/aff25ec6aa4f4cdf68a60feac9408ef4182875.jpg,很好很好
Gjn138124644,50867166,,第一次，服务员很认真负责的介绍，小料很有特色，丸子也好吃！服务实在?！
OiS483287831,1075512975,,很美味
Gnv770112934,979829535,,太喜欢了味道赞服务好，从北边追到南边，爱重八
cft552371614,952062694,,好吃
ORi690509096,1050799106,,第一次来尝试，感觉还是不错的！牛肉丸和牛肉都很嫩，口感有咬劲儿又不是很硬！
消失的光年172,486961146,https://img.meituan.net/avatar/c34596eb2058c089f891a18a4b00a5dd121745.jpg,服务不错，小料很好
会游泳的猫猫咪,97488709,https://img.meituan.net/avatar/__56630521__9536053.jpg,超级好吃好吃
刘也行还行,113824422,,好吃，服务好
Candice不是糖,100763855,https://img.meituan.net/avatar/__49643111__1827216.jpg,太好吃了！！！
wto934365897,885387234,,慕名而来，鲜香可口，食欲大开，不虚此行。
casey_share,419434535,,服务态度不错，给好评
Xkt602674806,903873688,,菜好人好环境好，脆骨肉丸有特色，酱料味碟多样化，美女帅哥尤其多，一个好字不够赞???
YZL973346034,529122006,https://img.meituan.net/avatar/2c7e5d03427e915850cb6b1fde258ad4116763.jpg,挺好的
ROZ850742411,889986445,,特别棒
MXf423038202,67502246,https://img.meituan.net/avatar/4e0b4cb8ff149c8575a9d10033499ab576675.jpg,好吃！
iAw369304243,1046416583,,超赞
hantian7,67338945,,好
tSY942287142,916792516,,很好很好
HtU283465782,157047041,https://img.meituan.net/avatar/66332f4623b367ae5004ab446e26387261659.jpg,非常棒，价格小贵，但是无论菜品，小料，服务一级棒
影子_9751,407831099,,服务周到，味道不错
安东尼1862,993675501,https://img.meituan.net/avatar/deab7add0d5918280224c3fc47501a6326641.jpg,太棒了！
Yyj352841532,989322143,,味道棒棒哒、服务我给32000个赞????
GTx817634957,917599376,,还会再来
hantian7,67338945,,香不辣大赞！
Aac383539598,1049011257,,挺好的，服务特别好！菜品有特色
dd080402,8159753,https://img.meituan.net/avatar/075bebf81f666f95e8312cfa3c1a55af41371.jpg,好
RkZ576809866,1056646897,,好吃
xwF819296230,1054418294,,不错，值得再来！
lichen8966,13962343,https://img.meituan.net/avatar/9b96edb2d008b7b658cdb51581bca03249646.jpg,味道好，好吃！
shiney_moon,13268554,https://img.meituan.net/avatar/b7552c97ba5126503719a5016dd066bf58478.jpg,味道超棒
zRk137133353,947863988,,味道不错，服务非常好！下次还会再来！第三张必点
BtJ658732883,918063052,,和朋友一起来吃 服务菜品非常好
SmC484321939,938162230,https://img.meituan.net/avatar/37b6b4328797108c08b69b69a8b63bf311130.jpg,味道好。   服务赞。  超级棒的火锅。  独特的味道。下次一定还会来^_^
*biubiu~*_9856,373970332,,芝士虾丸强推
cdB836719469,910410140,,服务周到，饭菜可口～
VKq375184986,177085548,,超爱！！！手打牛肉丸超好吃！嫩牛肉超满足！！绝对回头客！服务6颗星星 多一颗给耐心介绍的小哥哥！！
肉冰冰,54252534,,服务好，味道也不错
fTB252876396,988432701,,?全吃光了
uJe572012685,1014890379,,服务好，味道佳，特别推荐牛肉丸
YhK210981654,108933631,,朋友都说好
仙耳,78510841,https://img.meituan.net/avatar/396378a574f4802ffdb1d9154043fb8932271.jpg,服务态度好
tES222179027,1017024944,,牛肉丸很Q，有劲道，味不错。
EKr673996862,1016891671,,火锅蘸料很有特色，赞?
fJy334897069,995742358,,大快朵颐！
dpuser_5501370871,567300943,,在北京吃的最好吃的火锅，尤其是特色牛肉丸和小料
nLS737653438,990642369,,好吃到爆炸的火锅店 常客啦
SmC484321939,938162230,https://img.meituan.net/avatar/37b6b4328797108c08b69b69a8b63bf311130.jpg,服务好，菜品味道很好，
JST746924103,1002326921,,没什么可说的...一星期来四次！
Dvu228133806,37535811,https://img.meituan.net/avatar/9236a5272d3bffcb1649a51ff9a54abf22226.jpg,超级棒！！！
AxV372860385,1009290898,,很不错哦.。
lIT568695964,985502673,,非常棒！
lichen8966,13962343,https://img.meituan.net/avatar/9b96edb2d008b7b658cdb51581bca03249646.jpg,确实很好吃，服务特别好
dVh397864076,1005752083,,今天的肉不太好
yzm807753952,1003233860,,特别好，好几次熟客了，强烈推荐
KFm243164142,988528524,,特别好吃?
mOu414271933,1001588124,,环境非常好，服务周到，菜肴美味！非常好
钕神变身小吃货,323941059,https://img.meituan.net/avatar/6a1b6657ded6772d0e2f3a45ae375ad618421.jpg,挺好的
NFA978700117,1002345927,,味道不错，价格实惠不错的哦
也是^,486325111,,各方面都超级好
epz159410610,996564725,,各种好吃，强烈推荐
ckl702074935,981419978,,牛丸真心好吃?服务超级好，一定再回来
Pwo203736181,924912269,,非常棒，服务也是一流！
vfu426458120,1003317860,,炒鸡好吃！！！！
IoF787239732,935410370,,服务非常好，肉丸好吃，小料太丰富了，被惊到了
ZZF403597346,1002795488,,很好
zia802405052,1001005417,,牛肉和蘸料不错
DKW149054239,1001291848,,味道不错
Xenobat,437634077,,好吃，实惠！小料很有特色，有6种~
PAO317905684,997861459,,小料每种都很有特色，服务确实很不错
小贤旭,12225001,https://img.meituan.net/avatar/__45152675__9924278.jpg,手工牛丸很好吃，还会光顾哒～
iTP409467958,1000966452,,太棒了
kJG242859815,888593447,,非常好！实惠味道好！各种不同的小料味道也好！服务非常热情！
Bbh344019133,997944193,,特别好吃，服务好，下次还会来
epz159410610,996564725,,这里的半分是一份的量，一份是两份的量，慎点
噬音渠,124003718,,超级好 从老板到员工 从整体到细节 无微不至 绝无仅有的好火锅！刷新了我对餐饮界的印象！
MHX121136786,998433390,,好吃，有特色
FTy338787717,995584454,,特别赞，下次带父母来吃
vp快乐鸟,162998557,,周日两个人去的 地方不错 欧式建筑 用餐环境也很好 牛丸味道相当好 分量足 很实惠 老板还送了几个 现场很耐心的讲解 相当不错 服务质量那是没的说 给100个赞 走时还有口香糖 真的是很用心  很满意的一次用餐
DlZ425490402,909262382,,重八的老顾客，一路从101中学吃到华宇，这次又来了花乡奥莱店品尝新品，感觉还不错，店是这三家中最大的，环境很好，服务员热情，新品味道都好吃Q弹Q弹的
我小灰灰,357313130,,值得推荐，好吃！
qDz673245420,957257711,,老板很热情，服务非常好
WnH787424332,989742399,,服务好，食材新鲜，还会再来。
RSv155553839,989355447,,好吃～调料超多～服务也好～
Yib511206872,989336261,,非常棒的体验，下次还回来的。
ZeS651739359,989571124,,好吃，还送15个牛肉丸
eAc421433593,983148853,,不错 推荐
UQi228890671,988093328,,非常满意，会带朋友再来
Pgc205326678,988080944,,牛肉确实不错的
whh789280343,910400768,,牛丸超好吃！
erD478976094,290899007,https://img.meituan.net/avatar/7d8c9d9e242f5239f070119952501bf158305.jpg,服务一级棒！
米果1008,335810801,,服务很好
女那掌柜辣辣,16661099,https://img.meituan.net/avatar/3af3b24e2ddfc0aa9108ab0822164cff113977.jpg,挺好的 丸子很好吃
sto_or2,273440,https://img.meituan.net/avatar/1224557a1c8f6cf868656844f286958820945.jpg,还可以。。人挺多 菜价略贵 打折还行
Vlj696545996,110857486,https://img.meituan.net/avatar/d286f989606e060d413ff67b0cc693a241909.jpg,服务超好，不知道是不是新店的原因，希望以后能保持
jTu430007008,110131138,https://img.meituan.net/avatar/b40e441ac1014ba2bd2b12948eda8647296507.jpg,非常好 味道 服务一级棒
DZN164145854,985544647,,不错，非常好吃
tgm407140776,980357760,,媳妇儿大爱牛肉丸，终于离家近了
lNb131956200,143268262,https://img.meituan.net/avatar/5ba7890092e9a55b401fcbe8600b6b4571350.jpg,无论从服务方面还是口味真的都好喜欢这家，看来以后要经常来光顾了，推荐吃货宝宝们快来品尝吧
老段_9025,345834844,,服务态度非常好，味道也好，重要的是不排队，三遍
lEu191862238,935587895,,服务超级好的店！肉也好！主打手打肉丸！扎实！小料专人给调制！好吃！值得推荐！还会再来的！
信KO24BE仰,10838348,https://img.meituan.net/avatar/39a232ad8b798463b66c57bec2ebe2d2157485.jpg,不错不错
iro841939598,975213925,,很棒的店，难得我能主动评价，而且是好评价的店
jYc110994684,65325480,https://img.meituan.net/avatar/6d5b1b57c7e2b0badbaa529906eda06331694.jpg,牛肉丸超赞！推荐来！
Kqn662790717,981449860,,棒棒哒
_qq8vd1379668183,59354611,,还真的是挺不错的，吃完还能逛逛
wCE895138465,969246784,,服务热情，味道鲜美，尤其是手工牛丸。不错的体验
PlD264968951,981963958,,非常棒
coolpepsi,38486,,鲜打牛肉丸真心不错
博哥爱耍酷,34565127,https://img.meituan.net/avatar/1cb744ff3a37030d0d34944a7b95c2a7313564.jpg,服务真的特别特别好 希望一直保持 肉质很新鲜 很嫩 质感很强 
DYh724507285,965646678,,二周来四次，超级好！服务好，食材好，味道好！坚持下去！
LtF584847466,978704614,,好吃?！
LUU872518557,976779018,,超棒，回头客
WDy450699961,329766411,https://img.meituan.net/avatar/4779e3215a9005353ee7c95041a2b59541730.jpg,现打鲜牛肉丸特别好吃，服务特别好，环境也特别好
A歆笛,610817413,https://img.meituan.net/avatar/f62ceaa74b2ac6394db030a3662cacb027842.jpg,味道非常赞，服务相当好，小料很丰富，各种丸儿都很赞，芝士虾丸最喜欢，墨鱼丸也很好吃
博哥爱耍酷,34565127,https://img.meituan.net/avatar/1cb744ff3a37030d0d34944a7b95c2a7313564.jpg,第二次来了 真的还是那么好 太好吃了 服务真的没的说了
只为那回眸,47441182,https://img.meituan.net/avatar/0a077395cd7ad73b14ecb56a9fb26aa110232.jpg,服务好，菜品也不错
pnw420723513,907437371,,服务态度好热心周到！食物口感好！非常好强烈推荐！
Oup308682784,302274249,,酸麻小料超棒
psM696731294,939778668,,第一次来，服务非常热情，菜量大，味道好，特别是各种丸子很赞，还会再来
UEC523462198,908805519,,太满意了!!!服务太好了！送了三个肉，菜都可以半份，不贵，调料都上来让我们试，让我们评价，我觉得都很美味，最喜欢麻酱，然后觉得有点不好就是辣锅调料里面的剁椒不喜欢。牛肉丸很好吃，肉质很好，太满意了！
宋亚芳554,680708125,https://img.meituan.net/avatar/da3815b5ec0816f99c63f08be104f50a22223.jpg,芝士虾丸推荐
pot525396179,965412482,,第二次来了，会再来
钕神变身小吃货,323941059,https://img.meituan.net/avatar/6a1b6657ded6772d0e2f3a45ae375ad618421.jpg,好吃
dpuser_5501370871,567300943,,推荐
龙羽宝宝,346194476,,服务好
PYX434040951,70439092,,菜品没有出彩的地方  服务往海底捞上靠  现在打7.8折真心便宜  环境尚可
Nfh471413281,898692938,,菜品非常好吃！服务太周到了！堪比海底捞!!!老板带仙气!要是穿上古代大侠的衣服就更好看了！小料比一般的火锅店要品种多！唯一不足的地是没有小漏勺用筷子夹丸子费劲
EPS522235159,938341873,,牛肉丸(*￣з￣) 地方有点不好找 但是环境不错 味道也成
恋爱南瓜,674913219,,"老板人超好，店1真的很有诚意
服务员都很贴心，新店新菜品丸子类都特别原汁原味
不会忘记的火锅，一次比一次体验都要好"
Iia839132225,947289591,,超赞的！
hCn714483386,945171166,,很棒
HVv163713308,925304749,,餐厅的服务都非常好，只记了王蓉的名字，性价比很高的餐厅，环境一级棒！
eWI103744539,942451342,,一切都非常完美！
钕神变身小吃货,323941059,https://img.meituan.net/avatar/6a1b6657ded6772d0e2f3a45ae375ad618421.jpg,挺好的，服务员态度很好
NSk365676381,940573906,,服务一级棒
王者混沌,54055419,https://img.meituan.net/avatar/cedfbcd8a1b1f70804ae7558e0f757d9140768.jpg,去吃就好了别的不需要多b?b
FdP355635585,41583435,https://img.meituan.net/avatar/70d867c74d774a5f3877d378ca99c0d2100821.jpg,非常好，真实评价！值得来吃！
zjh493898396,889209966,,服务非常不错，总会有人询问我们是否需要些什么，店家的自制调料非常好吃，手工现打牛肉丸值得推荐，美中不足的话就是价格高，每盘肉的份量有些小，5个人原价总共花了800多，不过这几天搞活动是半价
kosdada,661104872,,非常棒！来了无数次！老板很nice
KzU387947655,924822007,,服务真是好啊，面面俱到！外甥女低血糖，立刻就端了红糖水过来！
小事无为,345714413,,服务非常到位的一家店，超赞?，强力推荐。
酷爱美味,365426869,,服务好
QCa628782222,890337280,,服务很好，东西干净好吃，超赞
WDi906399108,924936276,,hin满意 男朋友都高潮了
pAA657119945,903022618,,来了四次了，真的不错
wgM260566349,910602923,,超级推荐，服务太好了，小料调的特别好吃，口味很齐全，火锅也很好吃，第一次来这家店就会被回头客的
GWc873454703,925886540,,新开店，味道很好，服务也很好
qpe196715042,925498596,,味道超级赞！小料是特色！
静心NO.1,16332264,https://img.meituan.net/avatar/17ebddcfeba18cc61a99d83081944c2759404.jpg,环境味道服务都很不错，值得来尝尝。
ybC789154782,922893181,,服务很好 小料配的好吃 食材很用心~
烟雨江南919,16556807,https://img.meituan.net/avatar/f5851885374075c87a0a47bc026f113a43426.jpg,环境棒棒的
ami971663448,926485952,,赶紧装税控
YeG211510322,925267779,,服务可好了
江桃243,221186517,,服务太热情，味道好
eCq746994103,925465530,,服务到位
DZp677900066,917502719,,不错不错，菜品好吃，服务也很到位，满意！
mkL570115457,918119150,,相当棒！服务好，口味赞，只这些就够了。
王者混沌,54055419,https://img.meituan.net/avatar/cedfbcd8a1b1f70804ae7558e0f757d9140768.jpg,没毛病
bKa675357360,917592902,,好吃  服务好
RXy650751308,916217891,,非常好吃的牛肉丸
TqH322138474,917946749,,服务超级棒
jsd367632993,880491217,,好吃！服务太好了
Gxg914245243,916646115,,服务超好
JNz845496241,916160685,,好吃
daisydongning,59121498,https://img.meituan.net/avatar/0c0b4eb4b013143da9b130a2323c3e5926381.jpg,回头客，服务很好，酱料很有特色！
YUd798313115,910455688,,服务态度好，菜品美味、分量足
jIh973216461,913445215,,服务很好，不亚于海底捞
ZiE482687517,119525712,https://img.meituan.net/avatar/a86f2d19d8353363575823cb83c3377822164.jpg,牛肉超级棒
sugarpandahui,7159085,https://img.meituan.net/avatar/09ce2d190c05074af51d0a353829f44e13399.jpg,和市里的两家一样的好吃，而且不用排队~~
UrZ506186225,816934940,,服务态度好
吃货小贱兔,6027388,https://img.meituan.net/avatar/ec462ede718d9a4d9bc169e99fb468b0173265.jpg,真不错！
susuyang,8255285,https://img.meituan.net/avatar/5f46df9778b55bf4db4c80669bff5c6a28446.jpg,不用排队赞
OiR810869982,908207830,,超赞
Wmr528421158,898620812,,环境优美  打5折！！！   太好吃了   料是极好的  服务很周到
zNH159327186,905699418,,真的挺热情的
lzC262455708,97704921,https://img.meituan.net/avatar/f458d5b0836dac0ea185050f571edf1243195.jpg,新店环境好，位置多
pAA657119945,903022618,,超赞的一家店，后面还会来的
fZA605994335,902994795,,快来吃啊！
Nfh471413281,898692938,,棒棒棒
pDP227380818,208124768,,值得一去
王者混沌,54055419,https://img.meituan.net/avatar/cedfbcd8a1b1f70804ae7558e0f757d9140768.jpg,没毛病
pdj820315025,897717953,,太棒了
hzU583016813,896845081,,值得品尝
Vrs213661040,142806406,https://img.meituan.net/avatar/f74596402d6eb8a0868ea76dc4275be355518.jpg,特别棒，推荐
xwB690904710,33312835,https://img.meituan.net/avatar/59fa682452c62663e1b505f06f41661d45777.jpg,特别值得吃的一家餐厅
xinmeng26,893794696,https://img.meituan.net/avatar/30aa1519e0c444251b2822c07acb639e57898.jpg,超棒的！欢迎来店品尝！
pkh408259202,121286007,https://img.meituan.net/avatar/4bfd48eaed48cc196697feade48e60a124992.jpg,超级好吃！
Met594606894,890069693,,五折太划算了！有好多新品丸子，推荐！
zcL326060503,326644135,https://img.meituan.net/avatar/696660324dcc2f684a3395b42ec88cc521247.jpg,锅底一般
AHz223505812,893768541,,值得推荐
特别琼,220225146,,老板超级好
lusiyuan1988,6048894,https://img.meituan.net/avatar/a12754de12859bc12b0d1a637cc6866d112779.jpg,强烈推荐！！！！！不解释
One。796,470549909,https://img.meituan.net/avatar/b23e90ec0c3f20be2f77b9cd4964759943772.jpg,服务超级好！！
bXH909848716,228923316,,
OuterSpaceLee,67173668,https://img.meituan.net/avatar/b171677d604f127f4f1c734534d6f55512488.jpg,
莱布尼茨不会飞,736099211,https://img.meituan.net/avatar/6ece99a64bdbe6de064b9e51a398844f26261.jpg,
南极星vin,1747575020,https://img.meituan.net/avatar/aa2f8c4f3f2a07a20b561b73f031babd10263.jpg,
匿名用户,0,https://www.dpfile.com/ugc/user/anonymous.png,
不吃刺的鱼,1046801769,https://img.meituan.net/avatar/5f8de104040d41e60ac061903188948529126.jpg,
PnA133384919,1455362337,,
lismamay,35150416,https://img.meituan.net/avatar/15fff673c52b1f69f03c7e38881b24d2228290.jpg,
李槟180,1169060150,https://img.meituan.net/avatar/f2e8ba9db310c3b1ba19284b59d243fa27065.jpg,
hlb216845554,156574343,,
love1987bear,529873343,https://img.meituan.net/avatar/adaf742a6f88ab78228af6f2ea124e08165279.jpg,
捷宝是个小吃货,76351430,https://img.meituan.net/avatar/bd55f98a4bb20374ac374ab779d5bda6123696.jpg,
ULY897190383,2273361743,,
bkT178873159,1738020463,,服务不错，厨师调出的料，就是好吃，就是吃的太多，肚皮撑得慌
eyy577075969,1451189756,,送丸子的小伙子态度非常好，热情。高度点赞
rtv454477086,1067123268,,
阿羊咩咩,87091700,https://img.meituan.net/avatar/aface08c4b1d67f080d7752022c87825437782.jpg,服务很棒，味道也很棒！尤其是一片毛肚，和昭粉好赞！
nQq621626062,1615645999,,
O小虎522,559955654,https://img.meituan.net/avatar/8d9bfaf50699cdd29b69c1453134bf19207120.jpg,非常好吃  服务员很贴心
布兰妮918,419310582,https://img.meituan.net/avatar/d85afa1a9aa7b5f3241fc382dd0730c02742.jpg,味道特别好，小料正宗还实惠
Bah649814932,293752099,https://img.meituan.net/avatar/861115bf89ece4371f4260061186788141927.jpg,好久没拔草网红了，等了一个多小时，小惊喜。可以再来吃。
米尼酱,309135180,,除了小料有点咸 没缺点
syhao,10754662,,提供各种口味的小料
爱jojo185,248772665,https://img.meituan.net/avatar/2fa832fe3e088a5c76c60c32c710c8ca232143.jpg,好，太好了。今天生日。卖家热情服务太到位了。
uIx783139322,1771543532,,不错，第二次吃了很好吃
AYV426945114,387752447,https://img.meituan.net/avatar/b179ed434427ae68859cf90e86ca1dbc37293.jpg,非常好吃，推荐
YVK684188804,782239352,https://img.meituan.net/avatar/403e3c1a4727d3e1c70155b3b251d12f102439.jpeg,
wild_lily51,88328977,https://img.meituan.net/avatar/1be95cbcc597f6013c1471083c152bfe403186.jpg,
ZuA334993524,971319011,,真的好好吃 根媳妇都来好几次了，值得朋友们来吃
FWM798525920,750823686,https://img.meituan.net/avatar/4bcaf705f19affed23c24e59f9b20730302827.jpg,服务超级好，个人感觉比海底捞好
FLA304225461,993616093,https://img.meituan.net/avatar/cdbdbd2df0eed0bb6d3d227d2070217b13815.jpg,良心推荐
C魔术师,118885833,https://img.meituan.net/avatar/8bfa624f402841227b6f558c20cf0459131486.jpg,每一个服务员的态度都很热情，态度很好，这就是排队等候的之一
oRV481793504,1015619323,,份量足，服务态度非常好(??)
dyk198880853,118489244,https://img.meituan.net/avatar/d1d12ce3744709535784de62529907e1289851.jpg,
ioB872026444,1462052607,,口味 服务 菜品 环境都不错
ngP262101043,1108089129,,服务细致周到
wcN533219854,907490191,,
,2.30584E+18,,不错
malili707,40257910,,棒棒棒
UAq274726455,670539269,https://img.meituan.net/avatar/89c0c99c318f6f6b1dea4a6ced7ee1f427476.jpg,很不错，味道非常棒，吃起来很好
kKt547702537,178662330,,店长服务挺好
Qse945608603,143075933,https://img.meituan.net/avatar/cdca5badfe8da3b2d6c6f6d22c020cda21388.jpg,服务超好，牛肉超好，菜量足
zZF472038612,1427676963,,最好吃的牛肉丸火锅，没有之一
seveneagle,43825576,https://img.meituan.net/avatar/__22690399__6852944.jpg,特别好吃
Xal773547357,113357967,,味道不错，吃了两个大烧饼
wOH594710605,1329858408,,很实惠很好吃
karyzhu,7906144,,味道不错！
幸福小小的幸福,262165139,https://img.meituan.net/avatar/4b3793e454a709eedee225f2a6ed495c39722.jpg,
wTE385545613,1872531145,,实惠好吃
胖胖的肉肉！！,106321194,,味道不错 服务也很好 好吃好吃 还打折
Llh431120079,1183266364,,好吃不贵
虫虫cc9,286349704,https://img.meituan.net/avatar/4bd521c9503e1fe8c6137e6846c03af597778.jpg,好吃 都说众口难调 他家都调了
JeI270986298,1149144920,,不错
ha1517,13510284,,服务员态度特别好
Weo721878449,896651852,,味道非常不错
bAC561825887,1783487190,,不是拖，刚出差回来，来吃的火锅真好吃，价位合适，菜品好
BJm957350308,892852173,,服务很好，店里很有特色
TYd374516279,1008399790,,牛肉很嫩，牛丸正宗，五颗星
Ethan建伟,243397912,https://img.meituan.net/avatar/4dfa8ab323049dcda24a7eea9ebd8705251401.jpg,好
北京阿喵,52995168,,便宜 好吃 服务挺好 加菜有点慢
ZKF667397019,1078551385,,口味一流
hwF268235360,152382146,https://img.meituan.net/avatar/6ca2528523ff44389cfb6ab8f4072ec73486.jpg,
我是米轩轩,348524379,,
zFL381853616,1051943145,,鸳鸯锅有点咸
sdz567715266,1848715523,,牛逼社会666
Xub527451021,1118528477,,不错
juz201149995,921652542,,超级好吃
Guu552805622,900088118,,香辣蘸料真好吃
nei164304555,1835941955,,服务超级棒
ovB132934387,1171998092,,服务热情周到、菜品质量、调料口味无可挑剔
kzQ297533340,911892458,,
prG452890047,1092214601,,服务赛海底捞
Sdp435814837,1830838074,,服务态度很好！
bPf188306283,1368950087,,谁都给粽子了，就是不给我，不知道为什么
EDY864077014,1697990192,,第一吃重牛，以后火锅就这家了，服务好，味道赞！
gDU123797393,277289261,,好吃品质高，价格公道服务棒棒哒
EzC662747780,999902055,,贼好
YQN194018559,1823144071,,
iCC584895726,1298622837,,味道超级好，闺蜜很满意呢
XtX491049272,918520831,,服务没得说，牛肉也超级好吃，鲜牛肉！
VVk289953159,170913489,,n
PSf993554475,968628337,,五星推荐！
蹦蹦哒咻咻咻,744303055,https://img.meituan.net/avatar/a9e6b2d2dbc23b5899a0a3ee2cadd66530872.jpg,不错
蔡S,2611217,,不愧是北京评价榜第一的火锅店，朋友推荐的
yyfish0521,89310680,https://img.meituan.net/avatar/__50063100__6631047.jpg,w
tyJ510678698,746316050,,服务很棒
好听的昵称s,35700454,https://img.meituan.net/avatar/596aa5bf3101a0be44d859d25549029e195099.jpg,环境超级好  服务员态度很好  关键是！！好吃！！！
Jowin547,376248917,,非常好吃，牛肉鲜嫩，肉丸劲道
爱比樱甜412,229715902,,味道不错，服务态度很好
Astro晋,301437996,,没法评价，因为感觉太棒了，亲自来尝尝吧，100分推荐。
ksR694952110,1795134125,,主要是味道很赞，服务周到细致。剩下的生食煮熟带走，吃好之外还有外卖带。太棒了
Sqi404608251,1102167149,,味道不错
qYw685231790,65937596,,牛丸太棒了
W1911W,506289668,https://img.meituan.net/avatar/45b87df83e8f95c76b1f2dbb44e6f82652628.jpg,
XxE996873120,593074962,https://img.meituan.net/avatar/bc148e963cb9629cc35c1b96bc41b57d76456.jpg,
zJu304984163,991259092,,
sYG560137583,1279370686,,超赞，好棒的点，服务特别好
YdM219095248,151931496,https://img.meituan.net/avatar/cd70129d3e44e704ebaf2d6395f34a4929340.jpg,超棒，
Gxr217600205,1786929947,,服务态度超级棒 带着老人孩子第一次来 有宝宝餐和小玩具 以后出行首选奥莱村 首选重八牛府
尚瀚海,104706032,https://img.meituan.net/avatar/2c0ab4b5d4e2ce1352785aa679a41b8a21417.jpg,在北京排第一，不是吹的，确实不错，推荐大家来，双榆树的排的人太多，这里还好，不是周末都挺快！
WNo55247218,63866841,https://img.meituan.net/avatar/8d2641fa2ac015268307c46b411c70eb65964.jpg,
ebu607354006,1226122774,,赠送了好多丸子。特别Q弹。好吃
dutton_008,266676578,,价格实惠  服务热情  不火才怪。
专吃烤鸭三十年,1696634506,https://img.meituan.net/avatar/f9e97cdfc5d34645f090f53e2709c3b8207561.jpg,非常可以
傻傻的哥,112611987,,味道不错，食材新鲜好吃，强烈推荐！
汤姆436,320502206,,小料的味道相当好吃
EBT655557274,297533447,https://img.meituan.net/avatar/d71f85af237a0c160bee16ebfeb2cc0e22875.jpg,最主要是服务好
蒋叁漾,140014451,https://img.meituan.net/avatar/1c94f0a96605d724e70e22ec50d1146125279.jpg,
alI995322671,1094952622,,
bYU923690484,369226721,https://img.meituan.net/avatar/17045abf847fa41250032341887961e219283.jpg,
RIt156509357,829342036,https://img.meituan.net/avatar/c618c8c3d79e660745db0b0a05a13f3e36041.jpg,
CJi932888525,358210637,,e
德吉梅朵142,811671168,https://img.meituan.net/avatar/9a73775c0445e182c42ea03c8f62802a80542.jpg,
rrB429825458,1113384775,,
思静854,639826930,https://img.meituan.net/avatar/9e36ddc96b6a0a45745d38dad66898ba4759.jpg,
ZMh592102034,116677779,,
alI995322671,1094952622,,
丹丹的喜悦,6888597,,q
RzY365869028,756281116,https://img.meituan.net/avatar/fb90a79d78d6bea76ab74f040643b942110120.jpg,
,2.30584E+18,,
AwM205735385,1577431594,,
Org359436525,968262473,,
jGU967804088,1003743070,,
bYS687628862,25692683,https://img.meituan.net/avatar/c2d2d52afcb1092144973463c3f8c75e178059.jpg,
cjX850709341,1281070921,,
虎妞圆圆,339136942,,
bertieone,569461,https://img.meituan.net/avatar/5816e4e92660d6f51e37e5aec107658340154.jpg,
冰_小欣,864795240,,
落日烟zx最爱五月天,415161239,,
iqD266397250,316571639,,
zyczyczyc7,5915725,https://img.meituan.net/avatar/a11c3a0a603aa09f958bcee40e1642e265098.jpg,
nzr671160851,1043755970,,
QhI164373750,408141597,https://img.meituan.net/avatar/8bd236eb0339be279748bd2db33d8c2125596.jpg,
Gjo739434830,236435705,,
XeM517021408,1187769562,,
AjO356229308,1186509947,,
哥,346093165,,
寒露时节,5424341,https://img.meituan.net/avatar/e3c7b0c8f984e1121a09b8271bed61bc44316.jpg,
RNs107441392,1102288611,,
漂铭,36300543,https://img.meituan.net/avatar/953a303f47e2cb8668c3a3747de0d69f136379.jpg,
eFP672172630,969372637,,
MWd772108627,907619187,,
冷血咔咔,46615908,https://img.meituan.net/avatar/5c5248589a0045075876c264c8ca4a4e108969.jpg,
qHE482780224,1072566601,,
bFj957372625,885437567,,
uuF119605959,1072458126,,
GNU981853404,387285477,,
vDp342701912,1063362829,,
kDw814710729,1060465262,,
Dft194274279,1059659208,,
TRW590374325,1059348918,,
UKX146305039,1055499028,,
oje423105615,1055167292,,
BMc414427463,1053850250,,
杜雨338,43407046,,
CCB927242816,1009636895,,
X一superman,200519784,,
agv424894341,968572999,,
Txe747551696,79595509,,
FDg261174410,1002203205,,
照妖静1001,155001421,https://img.meituan.net/avatar/5637c81ad98dfa69255e5f18adb7ebe2358548.jpg,
nnL861480333,996552214,,
Msright7,208180800,https://img.meituan.net/avatar/91ac27fef3431540334814049fccd2c2136559.jpg,
OAB884422514,987450122,,
月总美,348421640,,
不点的木匣子,509273839,https://img.meituan.net/avatar/6cdad5a6fabff75acc1ce51a505786c3170574.jpg,
REX522036514,963644642,,
pearlvivi,12685404,https://img.meituan.net/avatar/7be181e83f1a13c4a4430b3f03ca8f9136404.jpg,
勿喜536,584443206,https://img.meituan.net/avatar/c306567e70d4d10504958dfe32b06eeb34112.jpg,
GGJ568646834,205237193,https://img.meituan.net/avatar/fd9a92f878895610b5413779e2a37a19102652.jpg,
xGS298308643,890403655,,
ogH192992198,889577255,,
fsR696556801,890419557,,
JF.TF,82213480,https://img.meituan.net/avatar/b0469e77eb4d8eec727bb0489634c08e5556.jpg,
离线之间,33840444,,
mDF553873086,889279035,,
lxJ379623364,889277666,,
GyQ699973248,888613831,,
LTm947625183,881769117,,
qOt818388459,327794305,,
pdm142087328,39012888,https://img.meituan.net/avatar/ad0f32f5169580909ffa3f8a22f04eb5101195.jpg,
Dzb927116294,888280073,,
阳gogogogo,794634108,https://img.meituan.net/avatar/5178da7e45519098c80ff9147b041b4570007.jpg,
Ecf267744026,641558883,,
曹秀洋00,2273969281,https://img.meituan.net/avatar/4e8ad912a8362edc2fb72596885295a46922.jpg,
曹秀洋00,2273969281,https://img.meituan.net/avatar/4e8ad912a8362edc2fb72596885295a46922.jpg,
爱新觉罗＊毅,86577938,https://img.meituan.net/avatar/99a8b49bcbecbe8bab9ed063612f396c113337.jpg,
老北爷,34274886,,
爱喝红酒的感觉,2911912092,,
匿名用户,0,https://www.dpfile.com/ugc/user/anonymous.png,
AMa539461857,405817481,,
lijinhu424,154195877,https://img.meituan.net/avatar/7ffe317d2ac6986ac60c3683f5ed1bc916033.jpg,
匿名用户,0,https://www.dpfile.com/ugc/user/anonymous.png,
丶Lzccc,306238110,,
Kah759629524,2673053525,,
糖果小小爆米花,53104418,https://img.meituan.net/avatar/a34eb26e9b2f7645640523e5b1220660118862.jpg,
Hack3rHan,555160953,https://img.meituan.net/avatar/3bf82e587b5f4cb747d9cf6c1025cf3611740.jpg,
zzq228360660,169518583,https://img.meituan.net/avatar/9ecb6ef263ff150929822245c5f33cc6156789.jpg,
ChaselZh,26283028,https://img.meituan.net/avatar/f7ef58235a155be90eb3dc6cee2bbfb425425.jpg,
匿名用户,0,https://www.dpfile.com/ugc/user/anonymous.png,
Yse806314249,115177565,,
恶人没刀疤,21583597,,
恶人没刀疤,21583597,,
ahP854881281,2217089376,,
ZeS785214807,38065253,https://img.meituan.net/avatar/fcf9d45c25ad7378f90124ec2876b029242955.jpg,
eHl389311415,481521296,,
ahP854881281,2217089376,,
养疯狗的于大爷,704084682,https://img.meituan.net/avatar/0e6fb477e8f6152daf3f90f12a44bbce79368.jpg,
KTn184996,225578945,,
IbN411034132,3022160403,https://img.meituan.net/avatar/b7c0501a5c189b4c581f7882e4c6d27581764.jpg,
IbN411034132,3022160403,https://img.meituan.net/avatar/b7c0501a5c189b4c581f7882e4c6d27581764.jpg,
爱新觉罗＊毅,86577938,https://img.meituan.net/avatar/99a8b49bcbecbe8bab9ed063612f396c113337.jpg,
赵一思,156126162,https://img.meituan.net/avatar/587d78dcf18d209456e76cfe8632630774215.jpg,
诸暨胖虎,2569345264,https://img.meituan.net/avatar/5adc7f8e8f79286709154ad14ef42f0e17028.jpg,
诸暨胖虎,2569345264,https://img.meituan.net/avatar/5adc7f8e8f79286709154ad14ef42f0e17028.jpg,
匿名用户,0,https://www.dpfile.com/ugc/user/anonymous.png,
Asura、蟹蟹,386654366,https://img.meituan.net/avatar/d5804a90099119192f399ae2cd0ab212111316.jpg,
张雅亭亭亭,169120071,https://img.meituan.net/avatar/d7ec21c1e633bdf159e7d20c1e23db6a100661.jpg,
CeE987797155,74080065,https://img.meituan.net/avatar/f6f3645f8cfcd97074ae80e9fa6d793857351.jpg,
DUi560412143,264784790,https://img.meituan.net/avatar/4c1cadce376517cd2657bdf0a09bbf8634375.jpg,
iUK851182362,72443394,https://img.meituan.net/avatar/e613878b17c8584bbcd295b41465d06073767.jpg,
WWJ551414433,253422362,,
赵一思,156126162,https://img.meituan.net/avatar/587d78dcf18d209456e76cfe8632630774215.jpg,
泡沫妖精,2325049,https://img.meituan.net/avatar/2f61ca9b026b81cf7be665cf3de6af2a12700.jpg,
泡沫妖精,2325049,https://img.meituan.net/avatar/2f61ca9b026b81cf7be665cf3de6af2a12700.jpg,
Xle619761193,96866875,,
LIB417260654,3001756610,,
cDi310610571,243824308,,
lisalizehua,44908163,,
令俊狐,2322029542,https://img.meituan.net/avatar/f466c5be582afc0abeda84b81c749e4e12795.jpg,
qcN822163203,1113973079,,
ay你叫什么名字,191577484,,
LfL841938277,804551161,,
oqu943303127,70517746,,
郭青520,730038288,https://img.meituan.net/avatar/f4eeb3db8c705092d292dc6f6d13d26519256.jpg,
taniang1983,212328098,,
匿名用户,0,https://www.dpfile.com/ugc/user/anonymous.png,
爱新觉罗＊毅,86577938,https://img.meituan.net/avatar/99a8b49bcbecbe8bab9ed063612f396c113337.jpg,
Rqh688357087,169901848,,
MsZh,2630340455,https://img.meituan.net/avatar/dc9830573b74a953303b82534541b5b7117331.jpg,
wII359488649,288519295,,
ytm958330719,50467056,https://img.meituan.net/avatar/cf4cf49c89ede6390e3dd2b1daa71f4d11893.jpg,
alone_wolf_star,788791817,https://img.meituan.net/avatar/1d3908dc411724b7b62dddcd07a2ac249687.jpg,
delia1012pig,3595279,,
匿名用户,0,https://www.dpfile.com/ugc/user/anonymous.png,
匿名用户,0,https://www.dpfile.com/ugc/user/anonymous.png,
LMFecho,202115613,,
